predicted_normalized,predicted_original
-0.44320104,
0.3998392,
0.16074726,
0.46859697,
-0.4872446,
0.17968585,
0.340726,
-0.85758466,
0.044543497,
0.18808757,
-0.5433272,
-0.409024,
0.18520616,
-0.6587577,
0.16032529,
0.183599,
-0.3412502,
-0.49470854,
-0.016187582,
0.22487834,
0.09592535,
0.024877539,
-1.3523496,
-0.2061574,
0.69741786,
0.48142117,
0.2832385,
0.17522639,
0.41071042,
-0.4501267,
0.24068277,
0.56614316,
-0.083847426,
0.24619374,
0.0702529,
-0.4872446,
-0.0063152965,
0.65139216,
-0.11024568,
0.4211107,
0.383373,
0.33653486,
0.6229873,
-0.40802145,
-0.020743972,
0.29160532,
0.7574076,
-0.23003669,
0.08095984,
-0.99580556,
0.38589218,
0.37232292,
0.07465903,
0.2389037,
-0.4708736,
-0.4947779,
0.07611264,
0.1523656,
-0.10749024,
0.12379887,
0.17294908,
-0.0097858105,
-0.54307,
0.6891317,
0.116648614,
0.3587624,
-0.54502386,
-0.007277929,
0.29352877,
-0.9370088,
-1.6450714,
-0.09917546,
-0.30305886,
0.09588928,
-0.01390954,
-0.029750759,
0.54695207,
0.27673542,
0.15384609,
-0.038882375,
0.14863858,
0.7263187,
0.24545261,
0.32370993,
-0.054592103,
0.26633945,
0.18096969,
0.6559109,
-0.81846994,
0.35625207,
-0.6259736,
0.093685985,
0.41167173,
-0.16140696,
0.12186527,
-0.02458783,
-0.64585733,
-1.8991517,
-0.33254153,
-0.61245704,
0.5973766,
-0.58027375,
0.020476026,
-0.27585754,
0.09984982,
0.5200524,
0.5895447,
0.2300809,
0.16725701,
0.6586883,
0.6119979,
0.018999275,
0.24754028,
0.39180666,
-0.06535029,
0.43989608,
-0.20515156,
0.47319418,
0.25375283,
0.3337496,
-0.73484296,
0.6634233,
-0.05164163,
0.29947275,
0.4079431,
0.19703221,
0.040612265,
-0.9522032,
0.53010744,
-1.0140709,
0.18351857,
0.33823797,
-0.69478154,
-0.8261282,
-0.70636475,
-1.0240669,
0.717849,
-0.02670597,
-0.6104367,
0.37693316,
0.63788974,
0.2915238,
0.0728832,
0.114625975,
0.28822264,
0.21875598,
0.39658326,
-0.5854715,
-0.35510612,
-0.11696543,
0.34294188,
0.04749602,
0.30756614,
0.24332823,
0.4156275,
0.44608366,
0.4644218,
0.19533943,
-0.24389108,
-1.4564923,
0.24754028,
-0.33711576,
-0.006605672,
0.16904987,
0.13196817,
0.5570786,
-0.75768083,
0.08266356,
0.101520866,
-1.4294735,
0.15848953,
0.33904454,
0.050483886,
-0.024435254,
-0.072614074,
0.92130196,
-0.19890971,
0.3094649,
-0.73885816,
0.23257262,
0.60498226,
0.1510487,
-0.56925243,
-1.4728944,
0.6135056,
0.111413844,
0.5393878,
0.61244136,
-1.1896726,
-0.060569335,
0.116108075,
-0.21139973,
0.0051898696,
0.54691476,
-0.23834169,
0.26921803,
-0.31589666,
0.35002857,
-0.7912104,
-0.2535617,
-1.3214928,
0.34866077,
0.12529947,
-0.9091159,
0.015787587,
-1.1295364,
0.76154315,
0.746322,
0.50224364,
0.20088299,
-1.0260397,
-0.10764631,
0.42847964,
0.14008813,
0.016458979,
-0.49877828,
0.21608512,
-0.91503143,
-1.0798359,
0.605445,
-1.006434,
0.5579719,
0.17541534,
0.416695,
0.08757633,
-0.31589666,
0.5029239,
0.019048665,
0.3825245,
-0.00082200766,
-0.43781587,
0.70921844,
-0.06448912,
0.24754028,
-0.9867429,
0.8564471,
0.58106047,
-0.104632534,
0.0728832,
0.3373269,
0.027350036,
0.13342805,
-0.9699346,
-0.061651617,
-0.5984593,
-0.04536229,
-0.042123865,
0.3112665,
-0.8677127,
0.56100523,
-0.25354502,
-0.55839473,
0.13193892,
0.2621624,
0.20996408,
0.0071403747,
0.020280633,
0.50054914,
0.24729344,
-0.28687507,
-0.49286923,
0.16247202,
0.23038864,
-1.2205776,
0.25803337,
0.367312,
0.2894105,
-0.25028732,
0.3467005,
0.144205,
-0.22166412,
0.36898658,
0.055473555,
0.21780182,
-0.11886825,
0.059272103,
0.206478,
0.32230118,
-0.12621303,
-0.9834885,
-0.173597,
0.0014672433,
0.45773166,
0.5888442,
0.540782,
-0.08483089,
0.29561797,
0.2662021,
0.61480707,
0.660174,
0.39416906,
0.20934363,
-0.20293713,
0.014593914,
0.097069174,
0.18707556,
-0.5691212,
-0.4546849,
0.7565692,
0.14983024,
0.7635344,
0.6676667,
0.22989888,
-0.76910305,
-0.05596772,
0.042015847,
-0.7495214,
0.56362665,
-0.1847583,
-0.040032733,
0.3821996,
0.059326082,
0.35281262,
0.035175137,
0.3531287,
0.022864332,
-0.5351777,
0.1968766,
0.06918512,
0.49917275,
0.30906382,
0.27605316,
0.38457894,
0.07650861,
0.25063547,
0.22697467,
0.3411121,
0.011760359,
-0.22918466,
-0.03358589,
0.049989548,
0.13076283,
0.47058308,
0.25375283,
0.10871128,
-0.45352444,
0.61182624,
0.23658665,
0.26221457,
0.020634603,
-0.027073128,
-0.17793395,
0.35662276,
0.35625207,
0.7817523,
0.9020403,
0.2735839,
0.90625197,
0.66846836,
0.3523272,
0.24115355,
-0.34358698,
0.38863772,
-0.36958304,
0.10139959,
-0.022089997,
0.058684498,
-0.42660654,
-0.09197101,
0.4182962,
0.34570768,
0.050483886,
0.25151402,
0.4714832,
-0.07433308,
-1.1013793,
-0.1259397,
0.11889027,
-0.053756557,
-0.4072384,
0.8151088,
-0.79639,
-1.1687961,
-0.058919065,
0.08008498,
0.54121,
0.12013344,
-0.3588368,
0.068313256,
-0.0422901,
0.74285376,
0.25060406,
0.40729234,
0.30507544,
-0.5756163,
0.3147851,
-0.4334431,
0.13769041,
-1.1718884,
-0.09678771,
-0.5251298,
0.10058682,
0.38600108,
-0.5253323,
0.24783854,
-0.22112526,
-1.6433241,
0.3998392,
-0.15356764,
-0.8105382,
-0.027785743,
0.57506263,
0.3374309,
-0.73484296,
0.4335697,
0.16243415,
0.25808606,
0.5084784,
-0.083360985,
-0.17926762,
0.4063651,
-0.6016547,
-0.31579494,
-0.2124403,
-0.070152745,
-0.26218197,
0.5230041,
0.1423785,
0.004376527,
0.178741,
0.82103235,
-0.3661664,
-0.718402,
0.7881659,
0.89869523,
-0.5622782,
-0.7129813,
-0.05006519,
-0.16645181,
-0.30304748,
0.31572616,
-0.32142442,
0.20673347,
0.51467633,
-0.9575369,
-0.096416,
0.50861293,
-0.064951375,
0.45330417,
0.579159,
0.3468373,
0.34498414,
0.13031495,
0.3998392,
0.04385518,
0.16379482,
-1.2706882,
-0.36011156,
-0.0035724817,
-0.034407917,
0.18082963,
-0.8677127,
0.11304906,
0.084927365,
0.3084459,
-0.11043039,
0.13971736,
-0.69840693,
0.3877238,
0.20772654,
0.49845192,
0.17929438,
0.28296533,
0.39078298,
0.47260264,
-0.026827186,
0.569067,
0.10457264,
-0.22123887,
-0.74778533,
0.23689108,
-0.69708693,
0.5145518,
0.5308971,
-1.3225768,
0.113948666,
0.7673417,
0.33757743,
0.358755,
0.1468835,
-1.5018877,
-0.12664337,
0.35976017,
0.02676891,
-0.2955131,
0.103445746,
-0.0024700898,
0.6136114,
0.40019074,
0.225656,
-0.61251366,
0.28615034,
-0.4556468,
0.20499516,
-0.103016004,
0.07587757,
0.05643419,
0.16572456,
-0.2518388,
0.69403446,
0.35976017,
0.10779678,
-0.21198474,
-0.14620528,
0.31710514,
0.29752982,
-0.22090852,
0.1624146,
0.14941728,
0.07587757,
-0.09386764,
-0.01390954,
-0.29828537,
0.21128957,
-0.27713892,
-0.29619837,
0.31982577,
0.023186905,
0.14414972,
-1.6552078,
-0.16891629,
-0.9304155,
0.1841936,
-0.25093335,
-0.034407917,
0.17200908,
-0.20545287,
-1.3443172,
0.25375283,
0.3860666,
0.22070578,
0.6175016,
-0.40194708,
-0.17659159,
0.3513074,
0.03754497,
-0.09489821,
0.26214364,
0.39614186,
0.35785133,
0.05282379,
0.06588867,
-0.6630087,
-0.017738527,
-0.12464031,
-1.0307755,
0.15398842,
0.7191594,
-0.181109,
0.11242218,
0.7202207,
0.182783,
0.18706413,
0.14327092,
-0.11486033,
0.64011204,
-0.54307,
-0.27442065,
0.11566318,
-0.8944564,
-0.40612257,
0.8309047,
-0.028234629,
0.34669325,
0.08138139,
0.43321154,
0.65260655,
0.26322076,
0.55765736,
-0.09037625,
0.47476107,
-0.15835005,
-0.41254097,
-0.035923082,
0.18069842,
-0.7678824,
-0.34671938,
0.07702528,
0.49051788,
0.60449517,
-0.15051755,
0.2614677,
0.7361547,
0.34340864,
0.0689248,
0.38175207,
0.14216949,
-0.105841324,
-0.0079847975,
-0.19695912,
-0.113589644,
-0.11043039,
0.32584485,
0.2710569,
0.26747078,
0.08593854,
0.523566,
-1.0210223,
0.0014694126,
0.085460015,
0.21530102,
0.22804306,
0.79953593,
0.47046837,
0.16690165,
0.21983494,
-0.038392916,
0.2134632,
0.2843949,
-0.016768195,
-0.11766644,
0.4789726,
0.11764874,
0.59223485,
-1.0031352,
-0.49877828,
0.5692111,
0.16250387,
0.22359087,
-0.04014414,
-1.1333468,
-0.36418578,
0.23000804,
-0.3485779,
0.45330417,
-0.49433902,
-0.13672961,
0.5927805,
0.69657665,
0.43785024,
0.28483227,
0.5663145,
-0.026987096,
0.2988289,
-0.009372913,
0.36148426,
0.3010651,
-1.547031,
-1.0439998,
-0.10390149,
-0.075063415,
0.65192777,
-0.6171929,
0.49870524,
0.050046634,
-0.759187,
-0.77657044,
0.20617703,
0.4617625,
0.49721047,
0.22687735,
0.45158485,
-0.4277739,
0.4391167,
0.22669542,
0.44117224,
-0.013590931,
0.12974131,
0.11670808,
0.02706469,
0.6710413,
0.3718776,
0.79158545,
-0.5272451,
0.5138271,
0.11153567,
-0.31676543,
-0.74778533,
0.023658786,
0.62168956,
0.2142456,
0.05823558,
0.29395306,
-0.24391581,
-0.7527555,
0.49967903,
0.3275204,
-0.46653467,
0.025129652,
-0.15603197,
0.098611124,
-0.09517141,
0.32520783,
0.21396983,
0.07043822,
0.31787562,
0.071568556,
-0.03512817,
-0.11758024,
-1.2292732,
0.31408975,
0.4052888,
0.21081346,
-0.04783678,
-0.36114764,
-0.13354214,
0.6281706,
0.25580752,
-0.19060071,
0.13807179,
0.30725434,
0.04223615,
-0.16862676,
-0.17983907,
0.21479058,
-0.409024,
-0.007717614,
-0.07620643,
0.4661283,
0.119227275,
-0.014201252,
0.3129103,
0.5648066,
0.36496478,
-0.12589042,
-0.05702752,
0.20307729,
0.103991106,
0.14563997,
0.17284481,
0.27895308,
0.25863567,
-0.08259064,
0.9340372,
-0.28893146,
-0.62334216,
-1.0677099,
0.44579637,
0.7227929,
0.4423099,
-0.014794544,
0.33727694,
0.28518966,
-1.1095998,
-0.017957497,
0.27236602,
0.011199902,
0.33241776,
0.5849749,
-0.52056277,
-0.13004997,
0.3435158,
0.083320685,
0.07015709,
0.54386413,
-0.39526436,
0.5325109,
0.5855414,
-0.30655766,
0.18739316,
-0.20085727,
-0.39756083,
0.427482,
-0.8046783,
-0.17394367,
-0.22109854,
-0.24696496,
0.123709604,
0.008722018,
0.053510085,
0.08385034,
0.022363406,
0.122405514,
0.019741453,
0.29454663,
0.3368646,
0.2748355,
0.3862216,
-0.17938726,
-0.15416197,
0.106785126,
-0.6104367,
0.060926482,
-0.050795123,
-0.6259469,
0.24545261,
-0.03512817,
-0.7217679,
0.5034694,
-0.2026179,
0.43251443,
0.31055394,
-0.3630852,
0.74632496,
0.01656675,
0.7226359,
0.15729022,
0.32114068,
-0.34314066,
0.29144287,
-0.32948393,
0.17863679,
0.20128752,
0.22696711,
0.24098147,
0.3413099,
-0.4460667,
0.4777034,
0.5946697,
0.025129652,
0.09358027,
-0.38702673,
-1.0365169,
0.43177593,
0.10776165,
-0.2833832,
0.28773805,
-1.853743,
0.06858586,
0.25065604,
-0.013033383,
0.33086556,
-0.68609905,
0.046371423,
0.38898906,
-0.028803356,
0.37600708,
-0.51856,
-0.17080218,
0.26271388,
0.38575596,
0.3148649,
-0.55762905,
0.10109643,
-0.6631747,
0.36209154,
0.4638245,
-0.4286197,
0.35722286,
0.35226423,
-0.26222828,
-0.41028482,
0.08535063,
0.1412666,
-0.16444603,
0.009392132,
-0.24230215,
0.6137223,
0.2519873,
0.51513803,
0.4307594,
0.25172514,
0.10340357,
0.1717828,
0.10309302,
0.24146868,
0.2915238,
0.5846719,
-0.31778598,
0.038476266,
0.36538938,
0.14329937,
0.54388404,
0.1193339,
0.16356862,
-0.173597,
-0.114001416,
0.06115391,
0.102165975,
0.03265622,
-0.8914498,
0.008163058,
0.6189912,
-0.29266274,
-0.042325772,
0.7558761,
0.2719538,
-0.69898856,
0.52720815,
0.4156275,
0.2426131,
0.091205396,
0.4842845,
0.36917296,
0.517327,
-0.04462664,
-1.126926,
-0.10564196,
0.079862654,
-0.07328473,
0.3146979,
-0.409024,
0.14264596,
-0.55707985,
-0.9794499,
-0.5576703,
0.45970413,
-0.35435623,
0.26747078,
0.045840226,
0.6977422,
0.038279712,
0.22526205,
-1.0289907,
0.03526885,
-0.14610356,
0.36653346,
-0.19591124,
0.46511868,
-0.86086845,
-0.67830753,
0.060235083,
0.0533948,
0.57096016,
0.5320391,
-0.061209537,
-1.1555732,
-0.73484296,
0.059659503,
0.27697596,
0.39448434,
0.35799244,
0.30593738,
0.06519312,
0.014277977,
-0.17845957,
0.47155556,
0.6312449,
-0.10678171,
-1.2069231,
-1.002216,
0.5992527,
-0.050795123,
0.0688668,
0.103445746,
-0.6630087,
-0.08483569,
0.22072925,
0.5784531,
-0.166643,
-0.31048518,
0.24250847,
-0.075020105,
0.35827556,
0.1840498,
0.6828597,
-0.41105455,
0.041708987,
0.043483708,
0.46585292,
0.5942089,
-0.3506191,
0.5938191,
0.060144864,
0.24572997,
-0.67118037,
0.33697295,
-0.67477614,
0.6020941,
0.11065123,
-0.25563323,
0.65591604,
0.478967,
-0.056067444,
0.6655094,
-0.25148037,
0.21928895,
-0.3800885,
0.34960443,
-0.16579308,
-0.22906801,
0.51834714,
0.28469354,
-1.0651861,
0.5080441,
0.5385737,
0.12838785,
0.11929403,
-0.111704014,
0.47564876,
0.47155556,
0.18489316,
0.37066492,
0.71297675,
-0.3640381,
0.38400796,
-0.62267,
-1.1384186,
-0.10447135,
0.22534814,
0.24993435,
-3.2952833,
-0.4517628,
-0.024144128,
0.17539243,
-0.32651442,
0.30868402,
-1.2556205,
0.6785339,
0.13495314,
-0.16344221,
0.049645085,
0.5863604,
-0.35511827,
0.27511087,
0.066449724,
-0.04224989,
0.29178086,
0.53504246,
0.26805872,
0.15818204,
-0.92035455,
0.16310728,
-0.019662514,
-1.2258198,
0.26370826,
0.37226552,
-0.583152,
0.7078292,
0.1467552,
-0.075020105,
-0.26790655,
0.20145229,
0.022447476,
0.5124342,
0.70070857,
0.15168597,
-1.0651861,
-0.06448912,
0.053510085,
0.15558282,
0.39164102,
0.2945799,
-0.25916028,
-0.6543734,
0.11501183,
0.42732477,
0.47869033,
0.32840556,
0.0071403747,
-1.6183892,
-0.78174806,
-0.35226387,
0.91280895,
0.82020414,
0.25499764,
-0.30277562,
-0.088167585,
-0.025453735,
-0.49286923,
0.07968109,
0.2730636,
-0.7878981,
0.27798328,
-0.086440094,
-0.1367042,
0.027177623,
0.16480792,
-0.32499054,
0.33141795,
0.10255904,
0.02250171,
0.2146666,
0.08702621,
0.13769226,
0.055087693,
0.13885047,
0.4261917,
0.5990176,
0.17150961,
0.40601763,
-0.064978205,
0.1515145,
0.30566484,
-0.5333054,
0.27920687,
-0.38702673,
0.3146979,
0.31757146,
0.12405991,
0.8140467,
0.25694883,
0.0919727,
0.6270944,
0.15640812,
0.12600572,
-0.17177686,
-0.009421799,
-0.73484296,
-0.105929784,
-0.15662377,
0.0070318673,
0.32924214,
-0.16990614,
0.14983024,
0.67187303,
0.10290468,
-0.23473887,
0.75295395,
0.089629896,
0.11220702,
0.2202254,
-0.7972233,
0.4502785,
0.4010821,
0.1003314,
0.53541726,
0.065004155,
0.15919584,
-0.18026829,
0.77119815,
0.70757514,
0.38621613,
0.21017028,
0.20062959,
0.4137985,
0.039301112,
0.62004244,
0.026477436,
0.30309734,
0.08814512,
0.023863023,
-0.14213854,
0.25512132,
-0.907912,
0.07465903,
0.322269,
0.19846594,
0.18061942,
0.05050938,
0.33185664,
0.5650518,
0.2515014,
-0.20734726,
0.3188271,
0.46769655,
-0.57570535,
-0.49669346,
0.60108083,
0.27590424,
-1.4020846,
-0.39535475,
-0.39087725,
0.2713655,
-0.14513953,
-0.14047502,
-0.053004373,
0.04340228,
0.4433625,
0.25415412,
-0.42448086,
-0.17487748,
0.26281196,
0.38555485,
-0.14863026,
0.6854427,
0.59847873,
0.040486347,
0.12470421,
0.2398285,
0.40838784,
-0.20945323,
0.34495017,
0.68679655,
-0.8381262,
-0.32922623,
0.10145959,
-1.2150556,
-1.7076317,
0.4354703,
-0.0056024985,
0.2068719,
-0.49877828,
0.47520196,
-0.9979118,
0.32088828,
-0.40793332,
-0.4724355,
0.4874649,
-0.34927756,
0.8134455,
-0.3341404,
0.015409215,
0.05603182,
-0.15855224,
-0.05416631,
0.6585161,
-0.62857664,
0.31286317,
0.33699948,
-0.34980935,
0.17568864,
0.63519967,
0.49967903,
0.26734892,
0.50087714,
-0.1308472,
0.44578296,
0.7096665,
0.021873118,
-0.09851744,
0.578885,
-0.62658477,
-0.19610934,
-0.30214506,
0.25127324,
-0.39526436,
0.44846448,
0.33384106,
-0.78194433,
-0.8603537,
0.5733998,
0.069559686,
0.25284913,
-0.057649195,
0.15906364,
-0.15866102,
-0.551109,
0.068385735,
0.27905512,
0.24043396,
0.08956379,
0.22687735,
0.1815406,
-0.50489146,
-0.33277896,
0.07465903,
-0.24629416,
0.54425,
-0.025041305,
0.31784007,
0.39740717,
0.51601523,
0.4024869,
0.5842284,
0.1422885,
0.36679536,
0.45603615,
0.6484322,
-0.03758941,
0.03913364,
0.46179378,
0.09958598,
-0.04273455,
0.083156824,
-0.015028137,
-1.3219136,
0.5843068,
0.39164102,
0.24043396,
0.1641021,
0.33397716,
0.339135,
-0.084429756,
0.44052985,
-0.92539304,
-0.20571636,
0.085196845,
0.24853617,
0.050483886,
-0.0537184,
-0.6927027,
-1.054358,
0.09102864,
0.037476588,
0.3150351,
0.07532601,
0.48599198,
0.14256641,
-0.88443905,
-0.13790749,
-0.29676703,
0.030704033,
-1.0514383,
-0.11833326,
-1.8143141,
-0.52712417,
-0.31037277,
-0.51391107,
-0.07716841,
0.6276093,
0.06545299,
-0.5357509,
0.15402642,
-0.16338433,
0.4679033,
0.01783117,
0.20713073,
-0.80667615,
-0.03121625,
0.39007366,
0.5799747,
0.15981762,
0.035925195,
0.33840844,
-0.78720015,
0.2181042,
0.19677612,
0.3998392,
-0.32353383,
-0.91688955,
-0.69322646,
0.25371334,
0.15809464,
-0.3375753,
0.08437353,
0.06330846,
-0.17628458,
-0.008576191,
-0.12862623,
0.15931042,
-0.2252637,
0.46564922,
0.17401385,
0.6585161,
0.0051331148,
0.40045375,
-0.0023270592,
0.2693022,
-0.08805549,
-0.24521035,
-0.126897,
0.015300687,
0.61502653,
-1.1651993,
0.26735526,
0.88687825,
-0.4536605,
-0.17013675,
-0.056889646,
0.46769655,
0.4699763,
0.41520894,
0.5060216,
-1.1555732,
0.3154857,
-0.4708736,
0.538854,
0.04995708,
-0.2796443,
0.31669068,
-0.51856,
0.28977373,
-0.5310533,
0.21545702,
-0.006078735,
0.47506765,
0.3605765,
0.041935958,
0.731755,
-0.054872718,
-0.10638149,
0.11061516,
-0.8251127,
-0.07642093,
0.06637617,
0.3153304,
0.111810066,
0.49670094,
0.12703407,
0.15585862,
-0.06123735,
0.15775295,
-0.6333317,
-0.173597,
-0.46010268,
-0.112750754,
0.38234007,
0.081167996,
-0.10446004,
0.26522753,
-0.021847207,
0.6585161,
0.23467423,
0.09089076,
0.19623294,
-0.04224989,
0.10495612,
0.08875772,
-0.003455966,
-0.99073094,
0.22610824,
-0.11613333,
-0.2840753,
-0.25148037,
0.13296859,
0.76679236,
0.69102794,
0.31936482,
-0.010901272,
0.51654094,
0.75197124,
-0.55120033,
0.24301885,
-0.3749717,
0.9117065,
-0.8140981,
-0.18866435,
0.44748104,
0.5984188,
-0.37393025,
0.4321924,
0.17572197,
0.33023894,
0.26633945,
0.7612577,
-1.3942322,
0.4318417,
-0.032578588,
0.21524851,
0.18628082,
0.3648134,
0.20011391,
0.21232674,
0.091338515,
0.115352556,
0.35813105,
-1.6552078,
0.0734297,
-0.20293713,
-0.075020105,
-0.10764631,
0.0006604523,
-0.8188525,
0.2120423,
-0.9382685,
0.4387444,
0.20165274,
0.032509822,
0.1655397,
0.35642588,
0.6693668,
0.028009051,
-0.16567412,
0.36669916,
-0.43038988,
-1.2706882,
-0.12307368,
0.22317906,
0.24199536,
-0.43781587,
0.3998392,
-0.96428335,
0.60377115,
-1.846417,
0.55196077,
-0.013033383,
-0.09692021,
0.3929379,
0.38437176,
-0.020874104,
0.020634603,
0.27951166,
0.57414883,
-0.5929054,
0.15135902,
-0.00046434358,
0.27086547,
0.26830733,
0.029122982,
0.391955,
-0.49097311,
-0.06950783,
-0.93924737,
-0.028234629,
0.06405679,
0.38555485,
-0.028234629,
0.047500085,
0.35976017,
0.45972294,
0.1307227,
-0.36120906,
-0.053756557,
0.2662021,
-0.18026829,
0.10578315,
0.04322338,
0.16820645,
-1.4020846,
-0.14149973,
0.30423623,
0.3468373,
0.13000219,
-0.31607768,
-0.5443404,
-0.15122356,
-0.39770067,
0.28469354,
0.27253902,
-0.21632116,
0.37075555,
-0.66823465,
-0.80038726,
0.16725701,
0.10962128,
0.087041415,
-0.08932234,
0.5894427,
0.2639163,
-0.035296686,
0.12086822,
0.11160313,
0.17238969,
-0.23145752,
0.14901185,
0.027906748,
0.26610228,
0.35690734,
0.48221013,
-0.10764631,
0.339135,
0.39142296,
0.7634602,
0.09704249,
-0.050795123,
0.05203257,
0.2512914,
0.35785133,
-0.110979035,
0.6373375,
0.31945264,
0.1773271,
0.33059868,
0.21864669,
-0.83620894,
0.070489064,
-0.31536466,
0.18931442,
0.123075105,
-0.12640361,
0.06365258,
0.79158545,
0.31093946,
-0.28067926,
-0.047691353,
-0.19060071,
0.10907395,
0.1690486,
0.58894217,
0.05563957,
-0.2879491,
-0.30855295,
-0.0855662,
-0.71510935,
-0.4244573,
-0.5239047,
-0.31143144,
0.47603676,
0.4961001,
-0.09956693,
0.3318006,
0.27146876,
0.3728156,
0.0059647877,
-0.3282729,
0.3536016,
-0.09962408,
0.33444872,
0.5877087,
-0.006518506,
-0.23236512,
0.28938225,
0.016714921,
0.43356115,
0.4226526,
0.3491766,
0.16725701,
-0.32488683,
-0.9766599,
-0.09709013,
0.12643147,
-1.262254,
0.27159625,
-0.010426309,
-0.15882088,
0.21124992,
0.56453896,
0.1680888,
0.23246875,
0.0019401477,
0.009691724,
-0.77583045,
-0.03512817,
0.24754028,
0.68821055,
0.17681994,
0.25499764,
-0.06291201,
0.6630387,
0.20243056,
-0.19591124,
0.47211957,
0.4371471,
0.39695626,
0.5244902,
0.71234363,
0.0074650524,
0.7209768,
-0.013797074,
0.3455435,
-0.9468311,
0.5501462,
0.10474265,
0.07587757,
0.049716264,
-0.050795123,
-0.97538626,
-0.22194594,
-1.2265904,
0.3337496,
0.3270056,
-1.0196457,
0.1124561,
0.20132363,
0.091562584,
0.37606424,
0.07828532,
0.37647817,
0.30471405,
0.45354873,
0.049873844,
-0.03431727,
0.28404534,
0.41620976,
0.36669916,
0.073577546,
0.50202006,
-0.6236257,
0.3981536,
0.3602138,
-0.10764631,
-1.0375159,
0.6109782,
-0.009372913,
0.10267351,
0.07262328,
0.09858843,
-0.16801806,
-1.0920515,
-0.043642566,
0.011888184,
0.07465903,
-0.6210155,
0.4524172,
0.030206526,
0.2745095,
0.36767417,
0.014062463,
-0.21300869,
0.4344977,
0.56777155,
-0.21300869,
0.30619347,
-0.108756594,
-0.6339909,
0.14098951,
0.58655053,
-0.27749473,
0.1755007,
0.095260486,
-0.08509701,
0.5842239,
0.13420624,
0.27695358,
0.26316598,
-0.7692813,
0.27197537,
-0.04086519,
-0.20545287,
0.070652045,
-0.058381792,
0.64446974,
-0.9991175,
0.20014831,
0.40729234,
0.13660671,
0.25503254,
0.038195632,
0.2267136,
-0.12464031,
0.65051514,
-0.4612009,
-0.41137812,
-0.3004918,
0.19898587,
-0.10456615,
-0.025828239,
0.45456275,
0.28579828,
0.21976116,
0.049645085,
0.2509527,
0.19498645,
0.17724432,
0.1471199,
0.61241,
0.33979452,
0.68092734,
0.06835263,
0.044926282,
0.34940925,
-0.551109,
0.20832255,
0.040004313,
0.6836163,
0.045621976,
0.120522775,
-0.29281363,
0.565961,
0.049873844,
-0.23526317,
-0.44356835,
0.4065617,
-0.20330836,
0.39066443,
-0.18731266,
0.60414064,
-0.0013906274,
-0.2636862,
-1.1136316,
0.36844796,
0.48806757,
0.5105112,
0.4661637,
-0.071987435,
0.11478085,
0.28039604,
-0.006080783,
-0.06112238,
0.22687735,
0.39525774,
-3.823954,
0.3337496,
-1.7100786,
0.29151407,
-0.24629916,
-0.8280813,
-0.113589644,
0.18117292,
0.61731,
0.13023898,
-0.30080226,
0.3998392,
-0.6556763,
0.5015897,
-0.31589666,
-0.45377788,
0.6001035,
0.38434982,
0.23933744,
0.26910272,
0.6779435,
-1.145243,
0.40464437,
-0.72264224,
-1.5031282,
-1.1852983,
0.517327,
-0.29281363,
0.1990674,
-0.056889646,
-0.20272633,
-1.0238111,
-0.21270497,
-0.21275252,
0.1406832,
-0.28625908,
-0.41508803,
0.8853487,
0.1506254,
-0.36988506,
0.3435835,
0.2662021,
0.7089155,
-0.8562361,
-0.39409113,
0.22673796,
0.6398,
0.16840044,
-0.69634086,
0.24612488,
-0.5302045,
0.27772775,
-0.8230282,
0.05947154,
0.020910941,
0.38193676,
0.5845491,
-0.038882375,
0.17752555,
-0.6813267,
0.23952499,
0.5616003,
-0.12589042,
-0.29016083,
-0.033936843,
0.4661637,
-0.35196272,
0.30756614,
0.15538086,
0.07465903,
0.3337496,
0.25402838,
0.25125664,
-0.41268677,
0.30454898,
0.5895447,
0.53729856,
-0.08985753,
0.6286492,
0.15623614,
-0.087128595,
0.13987565,
0.50259966,
-0.65292466,
-0.7495214,
0.7526933,
0.14266977,
-0.2081583,
0.8809835,
-0.14555459,
0.12528703,
-0.83627397,
0.32713154,
-0.006921393,
0.09945929,
-1.3541048,
-0.38702673,
0.11104582,
0.074797265,
0.34438238,
0.2640729,
0.020087082,
-0.66214746,
-0.015524067,
-0.31328344,
0.81852865,
0.24567154,
0.10109643,
0.2913872,
0.17159574,
0.7068778,
-1.0541534,
-0.35529274,
0.31847844,
0.27561817,
0.66639304,
0.1708934,
0.27290225,
0.1975946,
-0.005912036,
-0.6650689,
0.14955151,
0.29228014,
0.06448633,
0.6134716,
-0.14762965,
0.59590644,
0.55152726,
0.26533505,
-0.2364054,
-0.3305015,
0.5942089,
0.90625197,
0.30898747,
0.44832146,
0.37324592,
-0.08985753,
0.031977266,
0.35979122,
0.7203972,
0.37143627,
0.29885548,
0.11373346,
0.1809052,
-0.116115645,
-0.16506748,
-0.01951544,
0.43908584,
0.14369053,
-0.12464031,
-1.055798,
0.29343414,
0.3329854,
-0.8513428,
-0.6104367,
0.5083595,
0.4779606,
0.028301733,
0.5331629,
0.3781263,
0.09108702,
0.10255904,
-0.1745442,
0.9340372,
0.16553156,
0.4773892,
0.0051250886,
-0.56657076,
-0.10272463,
-1.3896086,
0.17187503,
0.05741249,
0.55389977,
0.6585161,
0.9052225,
-0.30955738,
0.54201424,
6.859144e-05,
-1.0383211,
0.8283672,
0.5169002,
-1.4420676,
0.68212825,
0.2898896,
-0.089231856,
-1.0277096,
0.42696458,
0.6684454,
0.22580914,
0.3718776,
-1.6249214,
0.5347452,
-0.19581665,
0.30315176,
0.9867256,
0.20280313,
-0.020157132,
0.12980753,
0.3971733,
0.07739296,
0.43525866,
-0.8280813,
-0.036865693,
0.36353555,
0.33365646,
0.51910895,
0.34269974,
0.33444872,
0.07465903,
0.22268926,
-0.036015533,
0.59116644,
0.116108075,
-0.2148821,
-0.09606368,
-0.6339909,
0.017807156,
0.107174605,
0.14500213,
0.4905942,
0.13225472,
-0.75768083,
-0.10619317,
0.6317442,
0.7850902,
-0.8562361,
-0.3381398,
0.31463495,
-0.030848423,
-0.59160846,
0.08756956,
-1.0126789,
0.1467552,
-0.72264224,
-1.2647524,
-0.4330135,
0.29055497,
0.27125075,
0.05295222,
0.0023361437,
0.18060213,
0.39671364,
0.0123413475,
0.24253619,
0.10020537,
0.14415492,
0.18635844,
0.47314247,
-0.37038276,
0.17800784,
-0.32202825,
-0.09678771,
0.17943841,
-0.28167814,
0.09979758,
0.038279712,
0.38036925,
0.8449535,
-0.75210434,
1.3223653,
0.16231582,
0.23000804,
0.68658346,
0.24957183,
0.27965298,
0.17667694,
0.23947583,
0.16295442,
0.044194426,
0.5549585,
0.17206383,
0.18398514,
-0.20944126,
-0.2674075,
-0.09678771,
0.3337496,
0.12838785,
-0.037646916,
0.36496478,
-0.0067375014,
0.5663145,
-1.7299321,
-0.062765494,
0.35785133,
-0.07800732,
-0.4277739,
0.8151088,
-0.66820043,
-0.40802145,
-1.4327471,
0.004901531,
-0.364662,
-0.060340732,
0.6110291,
0.7242686,
0.79158545,
0.46179378,
-0.47708148,
0.54131943,
0.12415904,
0.014365604,
-0.057974726,
0.39382806,
0.2729025,
0.2506126,
-0.027355792,
0.35785133,
-0.32353383,
0.22770448,
-1.2229525,
-0.3306125,
-0.4449789,
-0.4708736,
0.79158545,
0.07465903,
0.3584945,
-0.21575469,
-0.10826674,
-1.0383211,
-0.8455896,
0.08298965,
0.26276892,
0.039994907,
0.6810546,
-0.2000003,
0.21458009,
-0.9449109,
-0.16843879,
0.07387401,
0.40462512,
-0.114001416,
-0.050795123,
0.1860722,
0.24472743,
-0.27968484,
-0.5720822,
-0.26251793,
0.5218749,
0.9340372,
-0.14233816,
0.31900182,
-0.1521466,
0.3016526,
0.5751642,
-0.8042672,
-0.4486642,
0.35785133,
-0.5008509,
0.7673417,
-0.08466188,
0.02676891,
0.16810368,
-0.80037314,
-0.35510612,
0.66721797,
0.13163178,
-0.18236245,
-0.113589644,
0.19387491,
0.53194743,
-1.2556205,
-0.20735273,
-0.3001601,
0.5814611,
0.14478281,
0.013053001,
-0.11013696,
0.70304,
0.16310795,
-0.026827186,
0.30493867,
-0.31037277,
-1.1979549,
-0.08929956,
-0.69634086,
-0.46799093,
0.04322338,
0.3782714,
0.755576,
0.23024091,
0.24545261,
0.7793253,
0.49821925,
0.010888261,
0.5168874,
0.26684642,
0.0869837,
-0.43107122,
0.7181114,
0.6290834,
0.5112016,
0.0760136,
-0.006294567,
-0.12963897,
0.71648365,
-0.2061574,
0.5169002,
-0.30314207,
0.29315037,
-1.0840648,
0.2023062,
0.3825854,
0.12680852,
-0.20943683,
-0.8749243,
0.45613652,
-0.0855662,
0.08094643,
0.07168634,
0.09579916,
0.22820522,
-0.5251799,
-0.8513428,
-0.51856,
-1.0512902,
0.31550187,
-0.5471838,
-0.12830742,
0.6850668,
0.17127305,
-0.03386552,
0.11185197,
0.23494978,
0.7602066,
-0.058049552,
0.083606005,
0.11160313,
0.58176255,
0.14695486,
-0.53186935,
0.5119794,
-0.1103582,
0.10763194,
-0.66508144,
0.12071162,
0.107886106,
-0.116115645,
0.79158545,
0.37851197,
0.72618866,
0.07197277,
-0.26829803,
0.14057541,
-0.8230282,
0.52303135,
0.17869814,
0.6862147,
0.25571105,
0.12862031,
-1.3214928,
0.22795014,
-0.024278529,
0.049873844,
0.08923753,
0.16687727,
0.43555424,
0.18253905,
0.4839978,
-0.019642774,
0.439095,
0.62004244,
-0.6084875,
0.24615262,
0.5169002,
0.12910515,
-0.26275602,
-0.2766293,
-0.07431515,
0.48806757,
-0.48057815,
-1.7432773,
0.24661876,
0.28252333,
-0.02761213,
-0.09678771,
-0.013135792,
0.3549273,
0.10495612,
0.36932996,
0.14956701,
-0.21438351,
-0.11601623,
0.32306254,
0.017574027,
0.15250657,
0.36958268,
-0.41274923,
0.11152488,
0.10965594,
0.46769655,
-0.22733876,
0.70548475,
0.114625975,
0.066449724,
-0.10356527,
0.6030047,
0.40721703,
0.12838785,
-0.20693898,
0.12838785,
0.34613,
0.26677242,
-0.5119845,
0.34714463,
0.76504326,
0.05416694,
-0.05458625,
0.6811425,
0.4275201,
-0.29939806,
0.04322338,
0.4305559,
-0.25692874,
0.44415486,
0.46859697,
0.7775582,
0.37710392,
0.183599,
-0.6301094,
-0.11763653,
0.30349416,
-0.6159696,
0.015043963,
-2.0641541,
-0.093410954,
-0.06588745,
-0.4277739,
-0.9872985,
0.7204481,
-0.7692813,
-0.51856,
-0.31143144,
-0.38878843,
0.4285066,
-0.5674038,
0.2934233,
0.60799694,
0.0933306,
0.70185274,
0.34123865,
-0.04548534,
0.82959926,
0.023535011,
0.02193847,
-0.2597367,
0.09431779,
-0.790809,
-0.19658965,
0.4325761,
-0.23639584,
-0.44113144,
0.2828036,
-0.23539643,
0.2798908,
0.61143166,
0.6027217,
-0.44255227,
0.46859697,
-0.52751887,
-0.26684487,
0.48806757,
0.48971188,
-0.12653239,
-0.028261833,
-0.019817717,
-0.94751984,
0.52049434,
0.2426872,
0.19516289,
0.11379202,
-0.04014563,
-0.1944407,
-0.39535475,
0.59035796,
-0.27583727,
0.2662021,
-0.7164862,
0.21937127,
0.12600572,
0.9475642,
0.31327012,
-0.57479507,
-0.030965302,
-0.4648217,
0.14363042,
0.6564895,
0.45343125,
0.13736711,
0.7773736,
0.19765007,
0.35032827,
-0.27749473,
0.35625207,
-0.76910305,
0.21558565,
0.07797784,
0.1998377,
0.06244137,
0.3553997,
-0.118137226,
-0.43060684,
0.17150961,
-0.3051428,
0.08448565,
-0.0067375014,
0.71297675,
-0.042191245,
0.47869033,
0.63018495,
-0.9075225,
0.15544643,
-0.7020787,
-0.97749335,
-1.4319104,
0.1892146,
-0.13053396,
-0.18000731,
-1.0746478,
0.0050813085,
0.42524168,
0.20248443,
-0.13794959,
-0.66125774,
-0.5602057,
0.39117676,
0.050483886,
0.5695664,
0.1766895,
0.6197307,
-0.67137676,
-0.720604,
-0.181109,
-0.046700448,
0.56605273,
0.10023847,
0.039301112,
-1.1889002,
-0.23721643,
0.30798656,
0.49007803,
0.7395911,
-0.4737168,
0.20531622,
0.112987645,
-0.010032787,
-0.8710483,
0.11392451,
0.12999628,
-0.6586383,
0.445775,
0.8151088,
0.6050993,
-0.062461276,
0.26740864,
-0.8617407,
0.20011391,
-0.007096315,
0.28409886,
0.5244902,
-1.2109048,
-0.089051664,
0.15595248,
-0.15531608,
-0.23834169,
-0.27405372,
-0.55489683,
0.2501115,
0.23115145,
-1.3214928,
0.103126965,
0.15558282,
-0.6237244,
0.1493527,
0.1663568,
0.0072906557,
0.49051788,
0.36538938,
0.7091542,
0.03269877,
-0.96013516,
-0.38878843,
0.09697616,
0.046602767,
0.0028762524,
0.2922418,
0.3208034,
-0.28188306,
0.5440431,
0.33832085,
-1.1718884,
0.37057215,
0.38318437,
0.017422374,
-0.65717655,
0.008387689,
0.18391226,
-0.11020496,
0.39349645,
-0.18291523,
-0.103175536,
0.016306158,
-0.22123887,
-0.08243116,
-0.08527109,
0.23444004,
-1.0263914,
0.42700213,
0.2308052,
-1.0169227,
-0.6184743,
0.4002797,
-0.7861418,
-0.25397652,
-1.0907558,
0.66855675,
-0.060340732,
0.6630387,
0.52594334,
0.41212294,
-0.3485779,
0.7077846,
0.10145442,
0.079650626,
0.2843949,
-0.3221734,
-0.014774346,
0.0110753495,
-0.61288136,
0.45703307,
0.018488504,
0.5715952,
-0.059066772,
0.13408035,
0.4027828,
-0.44356835,
0.12158951,
-0.148056,
0.66768587,
0.13163178,
0.26560348,
0.15577154,
-0.16596913,
-0.21511126,
0.102721125,
0.22426558,
-0.17024255,
-0.33180428,
0.17703655,
0.3337496,
-0.4444996,
0.6577203,
0.11670808,
0.39890826,
0.032146204,
-0.18080577,
-0.012401433,
-0.12046277,
-0.5662218,
-0.28112575,
0.664222,
-0.13496217,
0.037066706,
0.0851487,
0.26747078,
0.10020188,
0.3998539,
0.024344627,
0.2860992,
0.19121431,
0.12962992,
-0.32705626,
0.39092645,
-0.73339117,
0.3998392,
-1.6433241,
0.022447476,
-0.0014716573,
0.46213096,
0.88264555,
0.28269124,
-0.2923207,
-0.1339091,
-0.30855295,
0.0026147834,
0.14478281,
0.41072375,
0.1726336,
-1.8676201,
0.2879745,
0.12218736,
0.04228312,
0.6789065,
-0.18449673,
-0.66656476,
-0.33132428,
0.33387616,
0.1863082,
0.4689888,
0.0019229059,
0.15558282,
0.05148908,
0.60553104,
0.57130915,
0.8929926,
0.30411115,
0.21928895,
0.057809494,
0.112534694,
0.13186151,
-0.07433308,
-0.0600852,
0.41297626,
0.19121431,
0.74332106,
0.3148649,
-0.68609905,
0.068313256,
0.3466042,
-0.11587834,
0.3150351,
0.34599227,
0.13774699,
0.08079632,
-0.73484296,
-0.031764645,
-0.39535475,
0.23049203,
0.33438143,
-0.48420778,
-0.31676543,
-0.00015565567,
0.5898874,
-0.38702673,
-0.44805738,
-0.8444394,
-0.38982376,
-0.55885327,
0.6091212,
0.0969318,
-0.12901688,
-0.23065731,
0.021208782,
-0.060340732,
0.47046837,
0.28519788,
0.19406348,
-0.50197303,
-0.009565663,
0.271938,
0.30588,
0.7130106,
0.19040331,
0.5262106,
0.50610757,
-0.16843879,
-0.08389486,
0.17292169,
-0.5128527,
0.4430332,
0.81168294,
0.8039656,
-0.025453072,
0.15950134,
-0.07414532,
0.08537692,
0.23535985,
0.7886186,
0.021667479,
-0.050795123,
-0.6473867,
-0.01809212,
0.40548906,
0.22089946,
-0.16219006,
0.76679236,
0.6137223,
0.15396976,
0.30166933,
-0.33189142,
0.341792,
0.19618903,
0.5252396,
-0.17384093,
-0.7862567,
0.36121035,
0.58163625,
0.57331765,
0.08325758,
-0.0076654423,
0.24503449,
0.26493844,
-0.04014414,
0.5071639,
0.44375536,
-0.58098423,
0.12325698,
0.026986612,
0.3684589,
0.56064796,
0.095979005,
-0.48052058,
0.33402178,
-0.10279078,
-0.07417303,
0.20082253,
-0.04747521,
-0.53627264,
0.51440054,
-0.5872907,
0.53881705,
0.28305802,
0.30796325,
-0.08428885,
0.09355809,
-0.2967442,
0.75400203,
0.33538568,
0.40817556,
0.39393744,
-0.9384281,
0.10261397,
0.08888241,
0.79158545,
0.1952079,
0.18548024,
0.55572796,
-0.13672961,
0.17593355,
0.06082544,
0.25760108,
0.10361778,
-0.3797963,
-0.043393306,
-0.4770694,
-1.2704141,
0.8691244,
-0.06700476,
0.39695626,
0.13458695,
-0.050795123,
0.12859203,
0.01642029,
-0.8850434,
0.40946046,
0.43617734,
-0.4444996,
0.13739684,
0.25614548,
-0.40483534,
-0.18731266,
-0.68498373,
-0.22733876,
-0.28687915,
0.0038892203,
0.40579072,
0.16142467,
0.5244902,
0.16369468,
-0.12464031,
-1.1461725,
0.27818552,
0.24709272,
-0.19146395,
0.057316743,
0.42155623,
0.19453147,
0.23513786,
0.24150932,
0.06572432,
0.6198336,
-0.33732292,
0.46842623,
-0.09164299,
0.3468373,
-0.42683035,
0.3381043,
0.377087,
0.17730868,
0.2940987,
-0.7710659,
-0.059024837,
0.89880365,
-0.042123865,
-0.20296441,
-0.07547495,
0.2910269,
0.16872694,
-0.8550132,
-0.5028334,
-0.29747123,
-0.021515775,
0.584252,
-1.2292732,
-0.28367376,
0.04700563,
0.16246195,
-0.24518414,
-0.6333317,
0.078031436,
0.5788679,
0.11316244,
0.22046073,
0.03318955,
0.07787083,
-0.7332925,
-0.020157132,
0.15620442,
0.7645229,
0.38634068,
-0.0058390247,
0.8467041,
-0.26293197,
0.4144725,
0.17751767,
0.3824571,
-0.09604257,
-0.5212091,
0.0666009,
0.18842408,
0.06794198,
-0.8770079,
0.35064542,
-1.1962566,
0.6614944,
0.48227203,
0.28354555,
-0.11886825,
-0.8677127,
0.50328624,
0.3147467,
0.16368371,
0.4327972,
0.48227203,
0.22101368,
-0.48547634,
-0.9040746,
0.15329589,
0.27255464,
-0.8444394,
0.38634276,
-1.0827323,
0.5659269,
0.056302436,
0.019048665,
0.5169002,
0.06512014,
-0.013590931,
0.079959,
0.14732328,
0.69467276,
0.31204355,
0.20324498,
-0.8444394,
0.27255464,
-0.6838073,
-1.0643688,
-1.2285892,
0.6585161,
0.12569235,
0.61589843,
-0.009595547,
-0.049815975,
0.36496478,
0.7332895,
0.4819044,
0.23224528,
-0.39938846,
-0.112750754,
-0.253908,
0.31749803,
0.88264555,
0.056271713,
0.45244464,
0.4352824,
0.20332742,
0.30894813,
0.28134462,
-0.52371174,
-0.8485402,
0.072013676,
0.22849257,
0.27481985,
0.22426929,
-0.7839146,
0.22696711,
0.6633768,
0.513058,
0.34960443,
-0.4708736,
-0.03596878,
-0.6259469,
0.17936295,
0.5604262,
0.35799244,
0.6252235,
0.4292841,
-0.042220768,
0.00012465846,
-0.31816167,
-0.41934437,
0.6656686,
0.1393729,
0.062115088,
-0.30189133,
-0.41800666,
0.42006364,
0.116108075,
0.0728832,
-0.1118004,
-0.3045557,
0.51597744,
0.10402903,
0.41906527,
0.4027828,
0.1168914,
0.095031485,
-0.034067757,
0.020087082,
0.40265962,
0.5823337,
0.025472714,
0.13638344,
-0.409024,
-0.94210666,
0.3564254,
-1.1555732,
-0.58665836,
0.6078064,
-0.0032053427,
0.2998835,
0.6585161,
-0.20886359,
0.5421287,
0.04289814,
0.08787891,
0.2530363,
0.20605072,
0.44841364,
0.3998392,
0.13121505,
0.047760945,
-0.64585733,
-0.14325827,
0.3497842,
-0.00572008,
-0.25028732,
0.7425582,
-0.09339394,
0.2972086,
0.5788679,
0.6312449,
0.09480582,
0.1755159,
-0.061269034,
-0.30724487,
0.16457379,
0.0013127519,
-0.20545287,
-0.32483533,
-0.03512817,
0.08192439,
0.17158614,
0.116520435,
0.34817582,
-0.73265815,
0.20214875,
-0.9935413,
-0.90451884,
0.432774,
0.4187685,
0.41477937,
0.028301733,
0.049244147,
0.45908517,
0.38176745,
-0.08513203,
-0.4442429,
-0.043056235,
0.33024368,
-0.06361424,
-0.050795123,
0.35785133,
-0.9053177,
0.10495612,
-0.60542196,
0.39852878,
0.19454017,
0.27690744,
-0.075020105,
0.10517355,
0.20673347,
0.11687252,
0.021557694,
-0.799334,
0.094902284,
-0.32049447,
-1.2556205,
-0.060340732,
-0.81437474,
-0.23113623,
-0.6730615,
-0.821613,
-0.2691989,
-0.30215532,
-1.1941239,
0.00527908,
0.49650002,
0.26965782,
0.04792744,
-0.49121252,
-0.62040246,
0.49527544,
0.64131624,
0.09132468,
-0.5092773,
-0.86086845,
0.72030365,
0.1673212,
-0.2737218,
0.652648,
0.6438846,
0.27509272,
0.37016705,
0.3373269,
0.15845816,
0.34677917,
-0.0058390247,
0.13941959,
-0.583152,
-0.97635347,
0.047537114,
0.08223275,
-0.88774914,
0.1298936,
0.6081374,
-1.076177,
0.5830854,
-1.0552883,
-0.04087935,
0.17957167,
-0.013609168,
-1.1664226,
-0.7084612,
0.5808352,
-1.0424963,
0.25491193,
0.31015614,
0.4935984,
-0.16855983,
-0.56723785,
-0.022089997,
-0.36461285,
-0.46068,
0.24151148,
0.28252333,
0.5376836,
0.1272741,
0.49045628,
0.16513221,
-0.5622782,
0.27086547,
-0.08431744,
0.50094664,
0.2134052,
0.6450942,
0.13587102,
0.5617675,
0.5909653,
-1.8991517,
0.06520864,
0.06414926,
0.04613829,
-0.11202197,
0.37485194,
0.5156604,
0.02347416,
-0.116765186,
0.40615946,
0.46179378,
-0.57239765,
-0.7586473,
-0.61491024,
0.40775383,
0.32276523,
-0.122465946,
0.3092135,
-0.46829885,
0.3824571,
0.22804306,
-0.060340732,
0.020785043,
0.3160417,
-0.29430234,
-0.012078436,
0.27663842,
-0.76910305,
-0.13779013,
-0.05888309,
0.4484453,
-0.062390834,
-0.23582044,
0.38048238,
0.1920096,
0.456309,
-0.13673249,
-0.36120906,
0.25670412,
-0.4130303,
-0.2978921,
-0.14000294,
0.6196331,
-0.1259397,
0.3964452,
-0.3786601,
0.5889758,
0.587888,
-0.012078436,
0.9794492,
0.32792965,
0.20996408,
0.6585161,
-0.6791275,
0.58134544,
0.29062805,
0.21960522,
0.17713144,
0.56190145,
0.4694148,
-0.59356093,
-0.034774944,
0.62808686,
0.42563644,
0.27839497,
0.42325753,
-0.3275816,
0.50094616,
0.5477964,
-0.69361115,
0.3373061,
0.5291375,
0.35497686,
0.41297927,
0.3921581,
-0.111586355,
0.37506455,
-0.43966103,
-0.23312914,
0.47767356,
0.47818938,
0.11168678,
0.020910941,
0.0734297,
0.7166238,
-0.12784761,
-0.103175536,
-0.191877,
-0.46068,
-0.27908528,
0.6387114,
-0.23328786,
-0.17989956,
-0.22758944,
0.44608366,
0.13212794,
0.27900866,
0.11759185,
-0.14616758,
-0.790809,
0.6391637,
0.057411756,
-1.0307795,
0.46782827,
0.21205826,
0.55393195,
0.26350728,
0.5487473,
0.054585878,
-0.6631747,
0.16099611,
0.34071985,
0.11352653,
0.45579255,
-0.17650777,
-0.41028482,
0.54314184,
0.39406735,
0.061969362,
-0.026914788,
0.21264975,
-0.84502304,
0.1641021,
-0.08483569,
-0.5421012,
-0.09913899,
0.53988737,
-0.28334415,
0.113948666,
0.19327003,
0.20509931,
-0.0543493,
0.17030846,
0.10409965,
0.2749809,
0.46794033,
0.5100218,
0.124580555,
-0.5212091,
-0.24385342,
-0.046013728,
0.49670094,
0.97410244,
-0.6385956,
-0.69100326,
0.46769655,
0.1893699,
0.20659967,
-0.5276854,
0.4773892,
0.6229191,
0.5979445,
0.30494314,
0.014163382,
-0.15825278,
-0.14462307,
0.14624032,
-0.0026680282,
0.095683,
0.28347042,
1.0154836,
-0.844727,
-0.060340732,
0.17725542,
0.16379482,
0.6848301,
0.5576425,
0.06734267,
-0.08580567,
-0.306883,
0.23635161,
-0.31398162,
0.5925287,
-0.51856,
0.26750842,
-1.4645813,
-0.08580567,
-0.082988605,
0.46942797,
0.3877238,
0.68051755,
0.46482217,
0.5699366,
-0.2901269,
0.35547554,
0.05578225,
0.24968524,
0.3769402,
-0.00491127,
0.09985113,
0.1887861,
-0.7486776,
0.33781937,
0.17730868,
0.49648088,
-0.8677127,
0.30947417,
0.41394934,
0.26746705,
0.3337496,
-1.0190619,
-0.48878965,
0.26646158,
-0.053756557,
0.46966416,
0.3373269,
-0.116115645,
0.25145316,
0.079997696,
-0.06087694,
0.81007653,
-0.33343682,
0.35913163,
-0.03189075,
0.8151088,
0.2769058,
0.37097222,
0.75285786,
0.47869033,
0.3684589,
-1.1115482,
0.23272513,
0.1338232,
0.4079431,
0.33177078,
-1.2966515,
0.111333266,
0.18532534,
-0.07092029,
0.56614316,
-0.088743754,
0.45258877,
0.3360595,
0.74285376,
-0.84387124,
-0.7098713,
-0.06550276,
-0.30314207,
-1.1553743,
-0.5854715,
0.18532534,
0.51803017,
-1.1647497,
0.06891547,
0.053086434,
-0.41274923,
-0.042674847,
0.40143025,
0.032355264,
0.49571615,
-0.5588201,
0.1416543,
0.5012522,
-0.6587577,
0.54886085,
0.76679236,
0.5958978,
0.7427358,
0.45684454,
0.59155047,
0.4182962,
0.13121505,
0.0071403747,
0.06775906,
-0.88368523,
0.39288154,
-0.1622878,
0.254329,
-0.27384204,
0.22565348,
-0.12778457,
0.5983861,
-0.044564992,
0.17439026,
-0.44882423,
0.05643419,
0.2153839,
0.36908495,
0.48329034,
0.123709604,
0.15906364,
-0.51071215,
0.26709357,
-1.8143141,
0.3364099,
-0.82685363,
0.0060023637,
0.14286675,
0.02954695,
-1.1722103,
0.5146965,
0.26289508,
-0.09110265,
0.34862694,
0.24617277,
0.62609637,
-0.2909963,
0.5299403,
0.383373,
0.34626743,
0.18585077,
0.39717352,
-0.15267283,
0.5489087,
-0.071987435,
0.030545315,
0.33322242,
0.15562823,
0.2015133,
0.55315286,
0.6158243,
-0.099201545,
0.115960814,
0.7365866,
0.15517238,
0.09979758,
0.070359424,
0.8151088,
0.5011989,
0.63740224,
0.31713852,
0.29677206,
0.047713988,
-0.26542822,
-0.7586473,
0.48227203,
-0.16420652,
0.91668594,
-0.035472497,
-0.08982057,
0.54201424,
0.055053156,
-0.05618468,
0.09201827,
0.16541564,
-0.99568164,
-0.39535475,
0.6398,
-0.3556038,
0.04265124,
0.5135346,
0.339135,
0.36898658,
0.25232264,
-0.47829565,
-0.018143566,
-0.0018043907,
0.44151303,
-0.08295075,
0.022443417,
-0.12584226,
-0.051201627,
0.22117817,
0.88687825,
-0.26822814,
0.25734425,
0.43827295,
0.09035959,
0.39966622,
0.49383095,
0.51385343,
0.49283135,
-0.2724576,
0.6577203,
-0.038882375,
-0.73339117,
0.031208279,
0.050483886,
0.42214757,
0.5122053,
0.13065426,
0.11137926,
-0.5687581,
-0.8884704,
0.26452687,
0.037491903,
0.42898968,
0.31849188,
0.14266977,
-0.11263501,
0.49708647,
0.7062278,
0.12809677,
-0.355324,
0.084294245,
-0.053756557,
-0.41087475,
-0.50489146,
0.049645085,
-0.9767399,
-0.01266068,
0.14004631,
0.03438575,
0.30555376,
0.06769783,
0.64896524,
0.2156225,
-0.62857664,
0.7048741,
0.4661637,
0.31868035,
-0.28064904,
0.13569176,
0.3146979,
-0.6259469,
-0.10749024,
0.27993703,
0.7881659,
0.12197583,
0.063505895,
0.03897234,
-0.48072097,
-0.07433308,
-0.122308634,
0.1952079,
0.26575387,
0.4576606,
-0.14985445,
0.15938392,
0.46196094,
-0.5680399,
-0.46828902,
-0.5814954,
-0.123715505,
-0.29858118,
0.28347042,
0.004099002,
0.24635798,
-1.338059,
0.36528546,
0.72030365,
0.4921367,
0.11085493,
-0.87091607,
0.08079632,
-0.81458044,
0.54695207,
0.1880002,
0.84552896,
-0.1259397,
-0.13966332,
0.0013127519,
-0.41274923,
0.1193339,
-0.22906801,
-0.14620528,
0.12936357,
-0.9905063,
0.24632882,
0.772229,
0.6109782,
0.34290704,
0.47602648,
-0.16538253,
0.056164995,
-0.551109,
-0.40938446,
-0.409024,
0.085500345,
0.54545224,
0.3852346,
-0.032727346,
-0.31838468,
-0.2229011,
-0.1480652,
-0.035923082,
0.22320606,
0.44973314,
0.5000132,
0.33957943,
0.08147163,
0.2645204,
0.24118592,
0.6712403,
-0.29344302,
0.13394023,
0.19547336,
-0.80469626,
0.32791612,
-0.40408832,
0.30593738,
0.07465903,
0.84194535,
-0.5029486,
-0.9029075,
-0.08101409,
-0.013236294,
-0.07976655,
-0.07815533,
0.5796748,
-1.3823767,
0.54413205,
-0.050795123,
-0.6003152,
0.21716516,
0.3961133,
0.28938225,
-0.43966103,
0.83165616,
0.54512036,
-1.0110992,
-0.40612257,
-0.066312365,
0.2562374,
0.5251034,
-0.20545287,
-0.22796999,
0.20905067,
0.3448898,
0.12600543,
0.46272752,
-0.28445998,
0.20326985,
-0.745413,
0.21276854,
-0.77941227,
-0.8772128,
0.41313434,
0.48488632,
0.2628153,
0.45405406,
-0.37870282,
-0.19060071,
-1.0307755,
-0.54307,
-0.789991,
0.88687825,
0.2955521,
0.2503353,
0.124899864,
-0.14233816,
0.68643963,
0.6310626,
-0.0056224363,
-0.06448912,
0.58256286,
-0.16315997,
-0.5119845,
0.4762829,
0.19121431,
-1.4537232,
0.60377115,
-0.2073045,
-0.86461425,
0.37250873,
0.113948666,
0.14446259,
-0.03544789,
0.37373823,
0.7255141,
-0.08513203,
0.10707953,
0.037483953,
-0.13681307,
-0.9031438,
-0.1331328,
0.119016975,
0.11031512,
0.37104368,
-0.43141484,
0.6884444,
-0.7019637,
-0.7265773,
0.25893986,
-0.016870946,
-0.1551968,
0.68643963,
0.49666074,
-0.12734364,
0.05738649,
0.19541569,
-0.14891303,
0.37785006,
-0.10749024,
0.46015662,
0.12506378,
-1.0062982,
-0.37393025,
0.9340372,
0.014760902,
0.3894857,
0.049645085,
0.11065123,
0.3153304,
0.26194382,
-0.007598553,
0.69288003,
-0.2990431,
-0.5041556,
0.28367835,
0.061267283,
-0.9347311,
-0.37913647,
-0.037655834,
0.2591011,
-0.02042768,
-0.012763196,
-0.095997825,
-0.5293645,
-0.16702342,
-0.83845544,
0.07310261,
0.71297675,
0.3650004,
0.3718776,
-0.73885816,
-0.17650144,
0.21539806,
-0.89883757,
0.02020035,
-0.10548651,
-0.191877,
0.2712804,
-1.8676201,
-0.29540431,
0.3089564,
0.72124183,
0.079862654,
-0.062559076,
0.21054581,
0.35947022,
0.5695664,
0.038323212,
0.44476628,
0.25803337,
-0.5783363,
-0.29111606,
0.07492042,
-0.7749031,
-0.32542878,
0.13040566,
0.5454395,
-0.7332925,
-0.30604276,
0.5502917,
-0.93559057,
-0.25539163,
0.13458695,
-1.5256765,
-0.16444603,
-0.048497796,
-0.097596124,
0.18323481,
0.16379482,
0.09286015,
-0.45633376,
0.07069549,
0.085381225,
-0.11512551,
-0.33635557,
0.55999213,
-0.97635347,
0.37174124,
0.39374608,
-0.12963897,
1.2820214,
-0.83627397,
-0.060339313,
0.3021134,
-0.06658445,
0.5472949,
0.08702621,
-0.42359212,
0.2665374,
0.16846403,
-0.86086845,
0.18253905,
-0.113279454,
0.11222899,
0.18377444,
0.4649018,
0.13295318,
0.6121345,
0.45991018,
-0.82080555,
0.1626593,
-1.28054,
0.5383929,
0.0598072,
0.15708819,
-0.10131222,
0.45749038,
-0.01826273,
0.09640906,
0.5025354,
-0.36986426,
0.11697202,
-0.1103582,
0.3146979,
-0.26803505,
-0.2364054,
0.29947275,
0.6136114,
0.64011204,
-0.8513428,
0.8093536,
0.011888184,
0.103126965,
-0.33248636,
-0.05863692,
-0.058408078,
0.59648573,
0.88264555,
-0.055495255,
0.20457463,
0.63909954,
-0.9662182,
0.5552075,
-0.10438855,
-0.15452905,
0.2757156,
-0.73484296,
0.36379412,
-0.066056,
-0.18142955,
0.16160172,
-0.6608044,
0.31982493,
-0.03783301,
0.17332254,
-0.0061171344,
-0.028500186,
0.4661637,
-0.0063669793,
0.30494314,
-0.6286234,
0.3718776,
0.117232785,
-0.31589666,
0.10290468,
0.2603611,
0.602132,
-0.0010783346,
0.2753301,
0.69657665,
0.057826366,
-0.26897106,
-1.0554972,
0.7204481,
0.6765971,
0.27196872,
-0.014027372,
0.48417458,
0.73191607,
0.15610287,
-0.6680191,
0.15540594,
-0.11734657,
-0.70872647,
0.5814611,
0.3530907,
0.09241363,
0.16814496,
0.5424706,
-0.04325097,
0.30381367,
0.30343345,
-0.53292376,
-0.028210279,
0.24495588,
0.34692746,
-0.6333317,
0.3146979,
-0.043393306,
-0.17569627,
0.16310795,
-0.5396018,
0.60506433,
0.22687735,
-0.3577919,
0.0817086,
-0.27318072,
0.76594824,
0.09898531,
0.68883145,
-0.5639214,
0.62458605,
0.056689624,
0.46931136,
-0.55645674,
0.0114124045,
1.2112254,
0.08052789,
0.2153839,
0.68351454,
0.14875823,
-0.6171929,
-0.18731266,
0.3275487,
0.09261787,
0.5544711,
0.17724432,
0.16633338,
0.43080685,
0.10495612,
-0.52017045,
-0.8236008,
-0.18545878,
0.58308023,
0.14819361,
0.8779158,
0.039943032,
0.114625975,
0.2445255,
0.39438644,
-1.1311753,
-0.17967962,
0.123075105,
0.2600845,
-0.072863705,
0.2662021,
0.3557019,
-0.32940447,
-0.14233816,
0.3309749,
-0.0218382,
0.76332486,
0.48952407,
0.09372272,
0.3998392,
0.47341278,
-0.020157132,
0.7009365,
0.2443731,
-0.849007,
-0.23453303,
-0.619037,
-0.051236667,
0.7894654,
0.37610114,
0.060739033,
-0.55506194,
0.07673521,
0.7948141,
0.07043822,
-0.03510344,
-0.16843879,
0.30878186,
0.39280838,
0.11217832,
0.5238663,
0.31464568,
-0.14233816,
0.11433012,
-0.07678665,
-0.1259397,
0.17471541,
0.26899233,
-0.018577553,
0.14956701,
0.36316666,
0.35342818,
-0.31204167,
1.1267877,
0.33687994,
-0.58098423,
0.49670094,
-0.16596913,
0.57592213,
-0.17384093,
0.108599104,
0.07301794,
0.19981201,
-1.0424963,
0.086156785,
0.10288491,
0.040004313,
0.22553678,
-0.35825154,
0.48443827,
0.27111438,
-0.27968484,
0.093586594,
-0.10746859,
-0.06084285,
0.20996408,
-0.082994275,
0.58923876,
0.056024157,
-0.112517916,
0.29186293,
0.0734297,
0.027564224,
0.70458627,
0.47914606,
-0.09678771,
0.62817806,
0.38395545,
-1.1736894,
0.004172642,
0.11633266,
0.29947275,
-0.41105455,
-1.2865967,
0.34291217,
0.22599323,
0.5778005,
-0.08436272,
-0.15610927,
0.15372485,
0.7249046,
0.30847043,
-0.2946961,
-0.11973239,
0.9340372,
-0.050795123,
0.059744354,
0.3623998,
-0.022056643,
-0.026941635,
-0.06950783,
0.08192439,
-0.08010925,
0.39836502,
0.05095881,
0.49657732,
0.25566196,
0.23868598,
0.17663972,
0.010054036,
0.7236964,
0.45390043,
-0.7332925,
0.20043603,
-0.19698727,
0.12680852,
0.12535015,
-0.4486642,
0.3998392,
0.13246591,
-0.15957956,
-0.06950783,
0.5900454,
-0.04447004,
0.32835582,
0.17531328,
0.4307594,
0.014706058,
0.03754497,
-0.45354196,
0.5975847,
0.6376068,
-0.5272451,
-0.011027106,
0.58256286,
0.46769655,
0.4661637,
0.11426618,
0.13647884,
0.22758225,
0.19084291,
-0.053696677,
-1.0885962,
0.3770234,
-0.042273942,
0.08147163,
0.43199688,
-0.9308649,
0.04385518,
-1.3219136,
-0.11557419,
0.47341278,
-0.011027106,
0.7714032,
0.43444258,
0.0919727,
0.034919057,
0.5909481,
0.117168374,
-0.0143289305,
-0.11178988,
-0.6630087,
0.6711391,
0.19346526,
0.6308666,
-0.55839473,
0.3920254,
0.072432406,
0.71657026,
-0.15669638,
0.14231527,
0.0822254,
-0.0067375014,
0.6722319,
0.08878519,
0.22687735,
0.09225676,
0.2690804,
0.47392657,
0.5344132,
0.07067826,
0.20664167,
0.43713847,
0.7897841,
0.45053768,
-0.96212935,
-0.76910305,
-0.06119857,
0.32361475,
0.07473676,
0.3007405,
0.1880315,
-0.6538048,
0.039242644,
-0.72216314,
0.3627788,
0.33047232,
-1.5568748,
-1.0455707,
-0.04261673,
0.35285166,
0.14847532,
-1.0651861,
0.3326151,
0.127037,
-0.5527366,
0.2973691,
-0.048926733,
-0.027073128,
0.49477574,
-0.24843405,
0.35419995,
0.8151088,
0.104562186,
0.17800784,
0.79158545,
0.49141756,
-0.10418331,
-0.7867238,
0.42682463,
0.31156528,
0.19179195,
0.30018318,
0.32129467,
0.16483867,
0.041404735,
-0.5981293,
0.82011575,
0.13265073,
0.0074170204,
0.014039903,
-0.23065731,
0.55662864,
0.107187405,
-0.37153268,
0.097180486,
0.18240167,
0.0014694126,
0.2347014,
0.07016508,
0.54413205,
-0.4438693,
0.02044344,
-0.019817717,
0.031625304,
0.20508397,
0.5606818,
-0.39535475,
0.31868285,
0.012612242,
0.1467552,
0.6139961,
0.3546157,
-0.06657686,
-0.31077257,
0.2347014,
0.4532234,
-0.06448912,
-0.6600581,
-0.1396946,
0.09264602,
0.035999984,
0.024019875,
0.25775766,
-0.16612834,
-0.07635343,
-0.4444996,
0.1193339,
0.44635028,
-0.22240347,
0.5990176,
0.6222109,
-0.4365184,
-0.23993444,
-0.07497778,
0.14063509,
-0.03961439,
0.83248043,
-0.41028482,
-0.14470859,
0.009392132,
0.4929148,
0.020634603,
0.488458,
0.2076452,
0.18288265,
-0.21275252,
0.32306254,
-0.74886096,
-0.72509426,
-0.24389108,
0.30187407,
0.20608199,
0.43620113,
-0.69100326,
0.7104627,
-0.023568971,
0.039425243,
0.83769363,
0.44229585,
-0.013875945,
-0.060478397,
0.24966457,
0.1397089,
0.5589066,
-1.074747,
0.4445726,
0.2971488,
0.64637244,
0.79158545,
-0.5219412,
0.82394844,
-0.4501267,
0.20062959,
0.2570718,
0.07507115,
-0.090435095,
-0.93272555,
-0.021423157,
0.37762854,
0.3337496,
0.2506126,
0.29947275,
0.51728016,
-0.23089369,
0.48336014,
-0.4069243,
0.022648193,
-0.69164073,
0.4502785,
-0.14981505,
0.3638943,
-0.8441168,
0.39254743,
-0.9028594,
0.4062198,
0.8000368,
0.15310696,
0.49861145,
0.2738476,
0.0693397,
-0.5761689,
0.27551505,
-0.020816067,
-0.21559666,
0.47818938,
0.73658556,
0.23657824,
-0.39383912,
0.441312,
0.3780945,
0.34960443,
0.02487707,
0.035791874,
-0.23539643,
0.26026586,
0.14446259,
0.17966786,
0.18351857,
0.08110768,
0.01459429,
0.1547132,
0.85036016,
-0.49286923,
-0.7732068,
0.17667694,
0.0066570793,
0.21072929,
-2.153926,
1.0526879,
-0.41274923,
-0.5159316,
0.60180575,
0.41390955,
0.080316916,
-0.078095056,
0.25124106,
-0.551109,
0.029800938,
0.62925947,
0.24253619,
0.339135,
0.39196786,
0.07062448,
0.37778962,
0.34269255,
0.16480792,
0.2945616,
0.5603825,
0.6490085,
0.46489114,
0.42452306,
0.36404637,
-0.13414954,
0.19693083,
-0.5213622,
-0.40133834,
0.51503295,
-1.9980434,
-0.64896804,
-0.15950514,
0.49643055,
-0.0020268364,
0.34768066,
0.18253905,
0.6057549,
0.06702956,
0.09640906,
0.36404637,
0.7454068,
0.28963584,
0.15577154,
-0.43942234,
-0.034366414,
0.26743522,
0.25783718,
-0.80667615,
-0.20944628,
0.053666495,
-0.73556507,
0.082831636,
0.23377158,
0.38331297,
-0.065375775,
0.56605273,
-0.44701412,
0.27832693,
0.70364314,
0.1077101,
0.1777395,
0.031511962,
-0.032727346,
0.529485,
0.037782554,
0.1976588,
0.19230698,
-0.5862283,
-0.24820374,
-0.101836406,
0.11056968,
-0.49728063,
-0.19146395,
-0.765188,
-0.03966053,
0.5663145,
0.19255061,
0.6838098,
-0.50405806,
-0.83355623,
-0.69780284,
-0.014755138,
0.30507544,
-0.13398479,
0.20286134,
0.28290048,
0.008734888,
-0.1334248,
-0.060743224,
0.46564922,
-0.22123887,
-0.07422127,
-0.24389108,
0.12109691,
0.23970401,
-0.3399384,
0.18592137,
0.25045484,
0.17150961,
-0.11371393,
0.04884063,
-0.60144156,
0.25434062,
-0.049065836,
-0.6308583,
-0.024576118,
0.79046565,
-0.14646553,
-0.22374853,
0.2595401,
-1.1913962,
0.27369258,
0.6143441,
-0.62485254,
-0.7892664,
0.35115835,
0.31492692,
-1.7299321,
0.22972655,
0.7179565,
-0.16780391,
0.35052383,
-1.0651861,
0.48806757,
0.40192106,
0.60369545,
-0.32272655,
-0.3786601,
-0.12464031,
-0.58027375,
0.449966,
0.09143921,
0.02838861,
0.28885964,
0.030545315,
0.19422548,
0.8930039,
0.2040815,
0.71668607,
-0.20353708,
-0.68192166,
0.15807298,
0.31328142,
-0.33343682,
0.23354557,
0.3337496,
0.22703901,
0.18553701,
0.20790385,
0.26185498,
-0.41028482,
0.12969677,
0.049365647,
-0.093503445,
0.14434016,
-0.4040933,
0.21877818,
0.29248503,
0.39742595,
-0.6366705,
0.5482231,
-0.060340732,
-0.07863269,
0.27955222,
-0.050795123,
-0.22067772,
-0.05119683,
0.048488263,
0.16946499,
-0.28316918,
0.20182939,
-0.08326798,
-0.19252427,
0.08687258,
-0.32642785,
-0.71510935,
0.0048069544,
0.68692064,
0.48349866,
-1.1354688,
0.5691386,
0.33369038,
-0.1937604,
0.6290834,
0.44057786,
0.13192032,
0.23162396,
-0.06297673,
0.37703276,
0.07587757,
0.0096704345,
-0.56723785,
0.29873002,
0.11304906,
0.57446283,
-1.26185,
0.42686823,
-0.16843879,
-0.43675506,
-1.4456568,
-0.03610013,
0.26419786,
-0.64212245,
-0.66280854,
-0.17938726,
0.51971936,
0.19712408,
0.16639976,
0.028659226,
0.31610534,
0.6848301,
0.44455135,
-0.18236245,
0.21268557,
0.3146979,
-0.6156856,
0.16362666,
-0.2923207,
0.63855964,
-0.52371174,
0.21667857,
0.58916205,
-0.30080226,
0.4327972,
0.37730458,
0.30956715,
0.1835226,
0.47265038,
0.85642034,
0.07433175,
0.2339625,
0.88687825,
0.24114472,
0.14478281,
0.9340372,
0.5710233,
-0.08965023,
-0.43060684,
0.20729925,
0.0933306,
0.25566196,
0.13868538,
0.44672665,
0.38800064,
-1.2150556,
-0.25451306,
-1.0307795,
-0.54722214,
-0.5797598,
-0.56306636,
0.07111061,
0.4248176,
-0.56002104,
-0.8455896,
0.28751326,
-0.043018494,
-1.6758658,
0.46179378,
0.037377156,
-0.14470859,
0.6781917,
0.6409825,
-0.06729844,
-0.2143546,
0.4249638,
0.6175182,
0.55491185,
-1.257674,
-1.0110992,
0.39764717,
0.14011991,
-0.063208476,
0.2166057,
0.37451428,
0.017874217,
-0.03134272,
-0.4164106,
0.5829817,
0.49860096,
0.10134436,
-0.7867778,
0.11044237,
0.2023062,
0.020785043,
0.3998392,
-0.4257757,
-0.99267554,
0.050483886,
0.0036803535,
0.22145315,
0.026573077,
0.5429283,
0.21429183,
-0.87486976,
0.4221068,
0.35625207,
-0.08527109,
-1.0537224,
-0.047718644,
0.74332106,
0.55473936,
0.49870524,
0.24987292,
0.1984514,
-0.43942234,
-0.12464031,
0.46179378,
0.2677168,
0.10495612,
0.18758939,
0.34422305,
0.15028657,
-0.1728176,
0.35188264,
0.18935671,
0.45896405,
0.05808796,
-0.6975264,
-0.10534222,
0.065004155,
-0.420732,
0.39742595,
-0.28167814,
-0.47708148,
0.64107007,
0.11304906,
0.56453896,
-0.6975264,
-0.083906315,
-0.191877,
0.29349196,
0.6958363,
0.41594696,
-0.9384281,
0.11290119,
0.21220812,
0.1474379,
-0.7008779,
0.34498414,
-0.1103582,
0.7719127,
0.63519967,
0.20726678,
-0.17038816,
-0.050795123,
-0.028234629,
0.3081682,
-1.4329851,
-0.24029012,
0.63954157,
-0.65106845,
0.4661637,
-1.1432819,
0.070359424,
-0.3129609,
0.303648,
0.36496478,
-0.24280977,
-0.74751896,
0.042696957,
0.046008848,
0.6048749,
0.106259316,
-1.3580545,
-0.16400996,
0.13694352,
0.27102798,
0.14266977,
0.075404845,
1.048629,
0.19575322,
0.03953661,
0.26747605,
-0.790321,
0.12985034,
0.07671757,
-0.69634086,
-1.1889486,
0.07698481,
0.31745556,
0.38169798,
0.39313203,
0.24632882,
0.46001786,
0.17806375,
0.040186003,
0.38496178,
0.3688848,
0.31256276,
-0.37813148,
-0.025922403,
0.2580616,
-0.0020487944,
0.11687252,
0.63123184,
0.446985,
0.008492426,
0.048278566,
0.4701513,
0.42719576,
-0.23397681,
0.19447768,
0.6310495,
-0.75796336,
-1.3639911,
0.150684,
-0.94909394,
0.6203899,
-0.10279078,
-0.14870785,
-0.08458627,
0.41958055,
0.30441827,
0.5685631,
0.01420006,
0.59485656,
0.14672472,
0.33572558,
0.358755,
0.018158393,
-0.4297363,
0.45690387,
-0.38878843,
-0.22943862,
0.27046752,
-0.03117186,
0.35323867,
0.34467858,
0.5996753,
0.023923047,
0.13404107,
0.32845727,
0.0075719487,
-0.9935733,
0.4079431,
0.10495612,
0.53576416,
0.13210812,
0.55486214,
0.76407963,
0.04228312,
0.85800654,
-0.5471838,
0.23846757,
-0.2840728,
-0.8541355,
0.07702528,
-0.07436046,
0.63841087,
0.07398969,
0.014066256,
-0.59660256,
0.016066758,
0.44897896,
0.35662276,
0.2243826,
0.570582,
-1.721827,
0.3762083,
0.45548618,
-0.3288012,
0.05240282,
0.049645085,
0.36161408,
0.050118715,
0.065222785,
-0.67830753,
0.7775582,
0.14063509,
0.26940367,
-0.1259397,
-0.14047943,
0.26174197,
-1.5031282,
0.096054584,
0.4505162,
-0.20085727,
0.4052888,
-0.09528943,
0.150684,
-0.82794166,
0.38048238,
0.39180666,
0.0760136,
0.53032583,
0.47017846,
-0.380612,
0.30631703,
0.76140875,
-0.8185643,
-0.45993495,
0.8577761,
0.59374475,
0.896997,
0.31068376,
-0.173597,
0.056271713,
-0.6003152,
0.41520444,
0.3205688,
0.091338515,
0.15924343,
-0.27268174,
0.39764747,
0.050465688,
-1.9400948,
-0.09678771,
0.050483886,
0.117671706,
-0.6366705,
0.19894074,
0.5185589,
-0.38300923,
0.6210571,
0.07465903,
0.47842896,
0.16160454,
-0.86336875,
0.013742775,
-0.35226387,
-0.30286255,
0.36689627,
0.58282363,
0.32473817,
0.3961133,
0.36841246,
0.22687735,
0.25384805,
0.055357978,
-0.054603517,
0.35799244,
0.21051654,
0.3424685,
-0.0041470462,
-0.41028482,
0.102097176,
0.6710361,
-0.69634086,
0.33893007,
0.44011492,
-0.25354502,
0.39293736,
0.28451672,
-0.6393903,
0.07990613,
0.7850902,
0.3737858,
-0.14353323,
0.35698742,
0.20838195,
-0.17467326,
0.28304362,
0.47155556,
-0.03624603,
0.0014694126,
-1.3120588,
0.46931136,
-0.1468689,
-0.5350256,
-0.5577281,
0.367705,
-0.37485117,
0.53531444,
0.1734975,
-0.013590931,
-0.113589644,
0.23679386,
-0.10329948,
0.61589843,
0.33242133,
0.14956878,
-0.5519259,
-0.09517141,
0.08085169,
-0.43384087,
0.05139888,
-0.002799497,
-0.73484296,
0.053510085,
0.047061864,
0.08089576,
0.5186459,
-0.25750014,
-0.01711206,
0.2698685,
0.2068719,
0.65982825,
-0.44984052,
0.5031975,
-0.10764631,
0.0842958,
-0.9365475,
-0.069408596,
0.10087421,
-0.3306125,
-0.3177359,
0.3337496,
0.058334164,
0.75400203,
-0.6970554,
0.34670764,
0.3451802,
-0.4210177,
0.33840844,
0.066297345,
0.72570986,
0.33340633,
-0.5985156,
0.2971488,
0.21827194,
0.64574426,
0.35456926,
0.24798833,
0.24028023,
0.20011391,
0.35647485,
0.5411223,
0.07465903,
0.20149176,
0.04046681,
0.6340316,
0.6003637,
-0.1103582,
-0.29344302,
0.34537265,
0.77340835,
0.44952458,
-0.33590642,
0.07721259,
0.24619907,
0.8222263,
0.08878605,
-0.23173696,
0.05578225,
0.391955,
0.1970309,
-0.080477305,
0.11372047,
0.18988098,
0.40353748,
0.835226,
0.7780753,
0.2023062,
-0.065375775,
-0.18969877,
-0.6610439,
0.079319775,
0.7042039,
0.5666143,
0.31842804,
0.39406735,
0.07043822,
0.32713154,
0.010382397,
0.1711645,
0.528778,
0.8151088,
0.5549766,
-0.5054194,
0.04549518,
0.33076045,
-0.05533061,
0.19915621,
0.28774488,
0.3568337,
0.035608385,
0.13098575,
-0.08458648,
0.079862654,
-0.087128595,
0.6704876,
-0.73339117,
0.16784921,
0.5134026,
-0.061269034,
0.72201335,
0.5830854,
-0.006518506,
0.21165764,
0.031977266,
-0.59269506,
0.05439624,
-0.4774138,
0.2915238,
0.28499278,
-1.1354688,
0.0628719,
0.4055347,
0.114625975,
-0.006294567,
-0.7778845,
0.23427671,
0.3587624,
0.20011391,
0.14753991,
0.63894916,
0.022363406,
0.22398143,
0.089963555,
-1.5031282,
-0.5369131,
-0.025041305,
0.53210694,
0.30574614,
0.19871554,
-0.1766076,
0.039994907,
0.45987833,
-0.55839473,
0.19454017,
0.05143536,
0.68351454,
0.08649822,
-0.18985607,
0.69286466,
0.06319135,
-0.55762905,
0.67821956,
0.56182617,
-0.026534416,
0.25767878,
-0.41028482,
0.16986549,
0.25803337,
0.14259869,
-0.2141265,
0.23447768,
0.08609864,
-0.34332958,
0.391955,
0.11031512,
-0.7491183,
0.012784268,
0.45972294,
0.27384168,
-0.47822896,
-0.060340732,
0.09597596,
0.27255464,
0.3557019,
0.15185837,
0.19893014,
0.31481832,
-0.12603225,
0.0014259932,
-0.47683802,
0.09408653,
0.5029572,
0.2130687,
0.22821626,
0.16066751,
0.11170413,
-1.1179128,
0.07261492,
0.47603676,
0.29636517,
-0.4210177,
-0.09678771,
0.3894447,
0.46794033,
-0.56609374,
0.5091117,
0.027521793,
0.3194874,
0.85114133,
0.34769866,
0.252909,
0.4942084,
-0.5796066,
0.483099,
0.037491903,
0.07820277,
-0.056567386,
0.63519967,
0.14818072,
0.02060643,
0.23979796,
-0.073285475,
0.75400203,
0.26555207,
-0.18731266,
-0.011149703,
0.17373028,
0.79158545,
0.46552595,
0.37170666,
-0.16477369,
0.22715771,
0.35785133,
0.063482635,
0.035515137,
0.2830696,
-0.14213854,
-1.084732,
0.403337,
0.4253614,
0.5926911,
-0.3394893,
-0.08283039,
0.2804738,
0.3782714,
-0.3589207,
-0.114078544,
-0.9050271,
-0.9050271,
0.31127116,
0.14691547,
0.14246741,
0.37075555,
0.79158545,
0.18532534,
0.13672034,
-1.0936508,
0.33838195,
0.8496372,
0.88687825,
0.64045054,
-0.14872135,
0.18148822,
-0.06177393,
0.18748964,
-0.73926854,
-0.041816078,
0.08933719,
0.28398874,
0.7948695,
0.15229256,
-1.1853973,
-1.0125898,
0.28211454,
0.04385518,
0.799596,
0.06826545,
0.33675447,
0.13809286,
-1.3199737,
0.9280307,
-1.0790833,
0.050483886,
-1.4329851,
0.2784564,
-0.10978997,
0.32768503,
0.19719997,
0.22089946,
-0.83627397,
0.25277427,
0.6564042,
0.6731003,
0.4433381,
-0.44794804,
0.49317992,
-0.09141593,
-0.046082534,
-0.88443905,
0.564267,
0.46179378,
0.2250236,
0.391955,
0.55250996,
-0.057182077,
0.41390955,
-0.790809,
0.37396568,
-0.60739315,
-0.49120227,
0.21483622,
0.76736015,
0.10066697,
0.47244084,
0.06968424,
0.3491827,
0.40199667,
-1.04862,
0.5156604,
-0.04008013,
0.31897092,
0.47314247,
0.16118406,
0.5261689,
0.285671,
-1.2085435,
0.3530123,
-1.0992706,
-0.35238677,
-0.047415398,
-0.056294516,
-0.26293197,
0.6001035,
-0.173597,
0.019950762,
0.30045614,
-0.09197101,
0.014163382,
-0.1222361,
-0.4449789,
-0.3190917,
0.2106172,
0.28352585,
-0.89552534,
0.45406234,
0.37541527,
-0.064951375,
0.28481796,
0.6414072,
0.086770855,
0.22138734,
-0.23835307,
0.14363438,
0.056793742,
0.12011989,
0.060204376,
-0.67743003,
-0.7303357,
-1.0097324,
0.15204003,
-0.99669886,
-0.31899914,
0.24417831,
-0.35511827,
-0.09244797,
-0.06535029,
0.16379482,
0.51422197,
0.30116904,
-0.21982421,
0.54754496,
-0.10092344,
0.80770403,
0.34670764,
0.32524556,
0.48294938,
0.22208367,
0.22141932,
-0.39535475,
0.06028229,
-0.20886359,
-0.09517141,
0.24545261,
-0.17624347,
0.46662652,
-0.0947475,
-1.2022426,
1.1536235,
0.08842682,
0.36689627,
-0.9794499,
0.05703114,
0.23265468,
0.11188364,
-0.58033866,
0.10171081,
0.051767625,
0.15640812,
0.43989608,
-0.45993495,
0.20673347,
0.5169002,
0.14755444,
0.44862533,
-0.086455345,
0.20022573,
0.1018427,
-0.24827607,
0.051468477,
0.14639337,
0.36485234,
-0.13222937,
0.16635026,
0.49670094,
-0.012137421,
-0.2187573,
0.20673347,
0.03897234,
0.2586534,
0.114625975,
0.6108401,
0.81007653,
0.42178917,
-0.5511098,
0.74900043,
-0.70872647,
0.20729925,
0.4945028,
0.49584845,
0.38194603,
-0.427441,
0.28469354,
0.17020832,
0.19967942,
0.078792624,
0.083955854,
0.14100862,
-0.5164299,
0.07504451,
-0.9203247,
0.3337496,
-0.036595516,
0.42732477,
0.21971373,
0.05227774,
0.5826723,
0.078031436,
0.118057795,
-0.0809218,
0.32150686,
0.01607545,
-0.18449673,
0.0069414238,
0.7096579,
0.27407807,
0.115331136,
-0.061269034,
0.017991936,
0.42211583,
0.30600584,
-0.04230873,
0.32154328,
-0.5195729,
0.06234798,
0.2186026,
-0.551109,
0.20182939,
-0.33711576,
0.17531328,
-0.17301075,
0.35685647,
0.53988737,
-0.181109,
-0.21575469,
0.47869033,
-0.7332925,
0.47603676,
-0.79045314,
-0.8455896,
0.20185155,
0.15710753,
0.18973385,
-0.43795598,
0.27159625,
-1.3103465,
-0.612119,
-0.900784,
0.7123699,
0.031374477,
-0.0853898,
-0.90889305,
0.7789671,
-0.23526317,
0.33780706,
0.07256427,
-0.16729872,
0.58176255,
-1.2292732,
-1.0206512,
0.5882399,
0.11988086,
0.29709893,
0.004848957,
-0.7713846,
0.0015330492,
-0.789991,
0.28950477,
0.17667694,
0.2267136,
-0.81458044,
0.449966,
0.30789316,
0.47314247,
0.19453147,
0.15861325,
0.04977144,
-0.6990054,
0.7349767,
-0.9794499,
0.46664155,
0.5184237,
-0.46391883,
0.4773892,
0.3848667,
0.31903163,
0.6134716,
0.43202698,
-0.01090065,
0.34393004,
0.51810354,
-0.25492424,
-0.08491898,
0.48227203,
-0.1394553,
0.02968618,
0.20272389,
-0.03512817,
-0.50197303,
0.15809695,
0.19524792,
0.46325776,
0.44419962,
0.4155259,
-0.040576845,
0.2517721,
0.43989608,
-0.8161897,
-0.16482995,
0.38468394,
0.30812076,
-0.025587633,
0.42618173,
-0.03351031,
-0.3161677,
0.029334942,
0.1777983,
-0.31853208,
0.013742775,
-0.06448912,
-0.61245704,
0.5663145,
0.07613959,
-0.191877,
0.18067652,
-0.33481666,
0.29925728,
0.17581907,
0.69633734,
0.30188078,
0.2910269,
0.031153321,
0.25803337,
0.37352812,
0.38656107,
0.47574314,
0.52374995,
-0.18731266,
-0.023977417,
0.2794434,
0.3406362,
-0.68192166,
-0.095540896,
0.0023234247,
0.5650518,
-1.7076317,
0.27228975,
0.33408406,
-0.48420778,
0.42876378,
0.2267136,
0.3536016,
0.047704775,
-0.15757348,
0.30491623,
-1.1346247,
0.30956715,
-0.09141593,
0.37898996,
-1.1417838,
0.35002857,
0.20997186,
-0.017374013,
0.20040995,
0.15528396,
0.58176255,
-0.32483533,
-0.8813437,
0.0499873,
0.014775399,
-0.464615,
0.31220436,
-0.57183874,
0.421712,
-0.8042672,
-0.33060077,
-0.93582994,
-0.13410647,
-0.21668866,
0.53516775,
-0.021895358,
0.5440402,
-0.83540523,
0.31328142,
-0.40198267,
0.067983985,
0.36254337,
0.21714683,
0.1267497,
0.34466678,
0.27891585,
0.42105618,
-0.1847583,
0.6984301,
-0.8213108,
0.039029315,
0.09866125,
-0.043021217,
0.35625207,
0.3203342,
-0.8626767,
-0.4602339,
0.124291606,
0.5863604,
-0.9408466,
0.14530098,
0.10947861,
-0.8385949,
0.23420292,
0.21746376,
-1.2685562,
-0.25092888,
0.39697582,
0.4146907,
-0.28167814,
0.79691225,
0.5814611,
0.6205038,
-0.0037059467,
0.5417369,
-1.0203764,
-0.06733811,
-0.71510935,
0.5055923,
-0.32002455,
-0.28856075,
0.76679236,
-0.7145455,
0.2843949,
0.43354025,
0.64445066,
-1.4728736,
0.08712298,
0.71434325,
-1.2292732,
-0.13496782,
0.20259595,
-0.6339909,
0.023395136,
0.25247374,
-0.721012,
-0.006518506,
-0.27037388,
-0.76436585,
0.20729925,
-0.18142955,
-0.09769229,
0.38600108,
0.20772654,
0.8151088,
0.4199805,
-0.7206518,
1.01514,
0.32169294,
-0.07433308,
0.42472884,
-0.026715355,
0.09826675,
-0.12063415,
0.26013678,
-0.08985753,
-0.4708736,
0.3718776,
0.39361063,
0.15728301,
-0.18493603,
0.35874945,
0.532474,
-0.73935556,
0.11844486,
0.40221968,
0.23176074,
0.41743147,
0.09288846,
0.11413268,
0.49821925,
0.22094272,
0.24541073,
0.41146544,
0.14099221,
-0.052383814,
-1.5828623,
0.06572432,
0.2748355,
-0.2901269,
0.1380658,
-0.030429544,
0.023045659,
0.6212037,
0.36812872,
0.4218268,
0.20646279,
0.022605581,
0.5491653,
0.68540823,
-0.46351814,
0.24219973,
0.08481567,
-0.90084296,
-0.11661137,
0.5060216,
-0.05403814,
0.022817364,
0.3205688,
-0.3714031,
0.1778442,
0.49759156,
0.2980202,
-0.48881266,
-0.22187048,
-0.06348154,
0.6153712,
0.8347866,
-0.40141326,
-0.9996158,
-0.20734726,
-0.12768202,
0.72594565,
0.5402928,
-0.013590931,
-0.7557879,
0.645238,
-1.1962566,
0.8039656,
0.2804738,
-0.2784391,
-0.1189555,
0.45310003,
0.56703377,
0.44416732,
0.118295856,
0.4655921,
0.26634473,
0.3820788,
0.55895275,
-0.08914747,
0.07043822,
0.36932996,
-0.9384281,
0.38395545,
0.27596158,
-0.07313557,
-0.3288012,
-0.06123735,
0.6281706,
0.017281916,
-1.006434,
-0.021022258,
0.3504085,
0.14021645,
-0.76476854,
0.17598167,
0.16157824,
0.40907055,
0.54297143,
0.2020212,
0.12787464,
-0.6863074,
0.07587757,
0.15558282,
0.7673417,
0.08302592,
0.44352874,
-0.17572571,
0.8629762,
0.0880532,
0.63496226,
-0.6352207,
0.15300168,
0.18060789,
0.37085167,
-0.2676684,
0.020196095,
0.30534372,
-0.08106198,
-1.7299321,
-1.5128413,
0.8151088,
-0.07156406,
-0.23721643,
0.48329034,
0.38192075,
0.1531831,
-0.1959753,
0.44973314,
0.6136114,
0.25042257,
0.23947908,
0.28408504,
0.27339968,
0.5157472,
0.30454898,
0.26805872,
0.50328624,
-0.5883187,
0.06911677,
0.082831636,
0.391955,
0.16296998,
-1.1505301,
-0.5467413,
0.09854741,
0.05471538,
0.53396785,
-0.5058449,
-0.5870535,
0.34244195,
0.76133287,
0.12947965,
-0.13146374,
0.49029094,
-0.060569335,
0.82959926,
0.039994907,
-0.0397386,
-0.10809596,
-1.3517593,
-0.7575742,
0.15625772,
0.39904383,
0.8151088,
-0.20749873,
0.6339284,
-0.50405806,
0.5894187,
-0.21275252,
0.23736416,
0.098918475,
-0.9358226,
0.07043822,
-1.2292732,
-0.3714031,
-0.29219466,
0.080656804,
0.45204854,
0.11341617,
0.08390521,
0.29834083,
0.5401561,
0.14956701,
0.40635344,
0.58176255,
0.35832715,
0.18579596,
0.1467552,
0.34039775,
0.6580295,
0.09616941,
-0.050795123,
0.44793046,
-0.030965302,
0.45140293,
0.09985552,
0.19436224,
0.34169078,
0.39223862,
-0.102722324,
-0.20330836,
0.28762606,
0.09704249,
0.18842408,
-0.5854527,
-0.16843879,
0.371536,
-0.30215433,
-1.2052199,
0.7242686,
-0.88602984,
0.65958315,
0.23089112,
0.56605273,
0.24993435,
0.05212205,
0.05415409,
0.24783854,
0.14629218,
0.5169002,
-0.017680658,
-0.4366754,
0.12306661,
-0.14233816,
-0.12621303,
-1.2919654,
0.096039265,
-0.27442065,
0.43678403,
0.0633348,
0.020697346,
0.34677917,
0.79046565,
0.4773892,
0.20783693,
-0.023568971,
0.17510338,
-0.90048444,
-0.39535475,
0.1876254,
-0.5017393,
0.037066706,
0.4739167,
0.3958743,
-0.027073128,
-1.3225414,
0.12091648,
0.32147494,
-0.16065627,
0.13023898,
-0.55839473,
0.60903156,
0.16170923,
0.14660229,
0.2722491,
0.18217924,
0.46929586,
0.3954953,
0.02201802,
0.031388167,
-0.13494372,
-0.3045557,
-0.4433162,
-0.06950783,
0.659958,
0.055613343,
0.23444004,
-0.5843925,
0.46230304,
-0.6745182,
0.27199396,
0.038279712,
-0.8927523,
0.4234401,
0.41212553,
0.49739617,
-0.35364494,
0.48227203,
0.77474666,
0.08888922,
-0.10369835,
0.26989457,
-0.06012551,
0.11659032,
-0.25028732,
0.2334654,
-1.2292732,
0.050483886,
0.71984076,
0.65958315,
0.15608045,
-0.3871725,
0.34741175,
-0.100532874,
0.15742,
-0.025723562,
-1.6945277,
-0.14127341,
-0.88368523,
0.018295217,
-0.39770067,
0.1176523,
0.69657665,
-0.8459388,
0.15983695,
0.07793894,
0.2625713,
0.46948877,
0.2415428,
0.023303604,
0.1679548,
0.56895435,
0.34039775,
0.4477372,
-0.06601345,
-0.42262587,
0.23823833,
0.2367204,
-0.9844133,
0.07987905,
0.4063651,
0.36987266,
-0.078928985,
-0.009494357,
-0.050795123,
-0.583152,
0.6222244,
0.24177177,
0.29380703,
-0.27553138,
0.12158951,
-0.76699454,
0.07216304,
-0.06855267,
0.3680702,
0.13657862,
0.20137379,
0.3825854,
0.6559247,
-0.342847,
0.18763615,
0.31168118,
-0.17756249,
0.27951166,
-0.046348985,
0.33552998,
-0.4991477,
-1.5408237,
0.18548024,
-0.022920769,
0.5645975,
0.16042517,
-1.26185,
0.17439026,
0.2915238,
0.63432044,
0.3998392,
-0.2143546,
-0.051546983,
0.4137137,
0.53062814,
0.13102949,
-0.9326465,
-0.45993495,
-0.18026829,
0.3154857,
0.19411305,
-0.010226815,
0.29947275,
0.46446317,
0.42378044,
-0.36305,
0.051570013,
0.012870239,
-1.0047007,
0.76679236,
0.30517364,
-0.34881827,
0.3160417,
-0.24564542,
0.0700797,
0.6926452,
-0.06950783,
0.09640906,
0.24068277,
0.066004165,
-0.01390954,
-1.8676201,
-0.05746495,
-1.4827237,
0.26892895,
-0.19668716,
0.36979157,
0.050483886,
0.48643622,
0.6189751,
0.87873733,
-0.57414615,
0.27542502,
0.124899864,
0.19187576,
0.45484728,
0.09165045,
-0.050231546,
-1.2292732,
0.34910828,
-0.7020787,
0.42696458,
-0.2873068,
-0.97572654,
0.010370013,
0.74956095,
0.17838764,
0.4922007,
0.04322338,
-0.89286983,
0.001629784,
-0.03512817,
-0.62857664,
0.01083475,
0.17449257,
0.36243284,
0.48053485,
0.33109918,
0.119767234,
0.37915692,
0.20340437,
0.35731652,
-0.42927602,
0.19900185,
-0.04224989,
0.043100003,
0.17747249,
0.01816395,
0.456309,
0.06769783,
-0.103013635,
0.32209763,
0.14909132,
0.09480173,
0.2380529,
0.30742368,
0.04409389,
-0.4556468,
-0.09969836,
-0.023187092,
0.2843949,
-0.16843879,
0.51281184,
0.7796108,
0.035008337,
0.36409414,
0.26117828,
0.24541073,
0.064559326,
-0.98673046,
0.23846757,
0.37180224,
0.68570817,
0.16690165,
0.34247363,
-0.103063695,
-0.4195812,
-0.105532564,
-0.3305015,
0.33865827,
-3.823954,
-0.35226387,
0.124110095,
0.61334914,
0.559103,
-0.050008684,
0.09616116,
0.31492692,
0.4880988,
-0.24884644,
0.25403425,
-1.0617533,
0.07741833,
0.18941006,
-0.9091159,
0.017281916,
-0.67743003,
0.117671706,
-0.4556468,
0.69114095,
-0.2099393,
0.35788777,
0.32111472,
-0.15458329,
0.2677168,
-0.0067375014,
-0.10780272,
-0.006154705,
-0.1524445,
0.08759896,
0.34072086,
0.040186003,
0.17709789,
0.5934163,
0.17623892,
0.17584194,
-0.51724946,
-0.61020744,
-0.30700612,
0.41307586,
0.58470964,
0.3872451,
0.32116437,
-0.9863177,
0.19121431,
0.3329854,
0.6335428,
0.30733976,
0.6577203,
0.2658885,
-0.008010843,
-0.57727,
-0.41028482,
-0.45354196,
-0.86086845,
0.60462433,
-0.38414103,
0.44582912,
0.16993326,
0.17104207,
0.056271713,
0.5335728,
-0.11970244,
0.10757602,
0.4745951,
-0.43060684,
0.18476152,
-0.9207346,
0.101157166,
-0.031083146,
0.47695038,
0.8101874,
0.26203468,
0.3146979,
0.25308883,
0.2493704,
0.24346359,
-0.55489683,
0.56187844,
0.07841212,
-1.1372964,
-0.04946074,
0.30116904,
0.026999274,
0.58092904,
0.49283135,
0.1960453,
-0.26150334,
0.17588614,
0.5131882,
0.68015546,
0.43962178,
0.275532,
0.18195672,
0.090024956,
0.0070553506,
0.27934924,
0.03625441,
-0.3367762,
0.22657312,
0.79737276,
0.12950155,
-0.06548852,
0.46894896,
0.062115088,
0.664222,
-1.2892779,
-0.020959513,
-0.044662923,
0.28115657,
0.56200886,
0.113948666,
0.5120575,
-0.071013734,
-0.6003158,
0.16782117,
0.10496569,
-1.0280567,
0.40764868,
0.24146868,
-0.11202197,
-0.00031569065,
-0.5843925,
0.6321423,
0.10625689,
-0.6983539,
-1.1896726,
0.29115954,
-0.15452905,
0.2121965,
-0.10390149,
0.083320685,
0.07360058,
-0.023568971,
0.019947695,
0.55484515,
0.08982934,
0.14057103,
0.075404845,
-0.26790655,
0.48723984,
-0.060897734,
-0.07313557,
-0.103013635,
0.4244775,
0.66650033,
0.35619304,
0.9870639,
0.003872344,
0.24380456,
-0.06763216,
0.84173477,
0.3146979,
0.34467426,
0.14068067,
-0.2954602,
0.29326814,
-1.5031282,
0.3191047,
0.16188142,
-0.77738786,
0.2729716,
-0.29409468,
0.3815257,
-0.12387695,
0.4069818,
0.13247055,
-0.2192587,
0.00693734,
0.34269974,
0.31508172,
0.20740288,
0.5209201,
0.16552222,
0.45450997,
0.26747078,
0.45032075,
0.7412908,
0.1193339,
-0.12108126,
0.3146979,
-0.16267008,
0.49051788,
0.32114068,
0.66833186,
0.0123413475,
0.4079431,
0.39321074,
-0.55506194,
-0.811984,
-0.3996134,
-0.06466288,
0.3381043,
-0.636231,
-0.824326,
-0.37306213,
-1.1928304,
0.18489316,
0.01736738,
-1.2285892,
-0.41087475,
-0.19167405,
0.18531224,
0.8427091,
0.8496492,
0.46179378,
-0.1616503,
0.79158545,
-0.15040776,
-0.88443905,
0.5169002,
0.74332106,
0.4136482,
0.002867329,
0.27771875,
-0.7862567,
0.10495612,
0.05079058,
0.11242218,
0.25705352,
0.35662276,
0.10076324,
0.115167506,
-1.4267622,
0.48398,
0.6010109,
0.80303496,
0.35799244,
0.4246032,
-0.34533918,
0.059194658,
0.38600108,
-0.013236294,
-0.02709787,
-0.47908503,
0.23783225,
0.42378044,
0.39280176,
0.20021585,
0.34626743,
0.31850386,
-0.15788567,
0.5166629,
-0.3676891,
-0.6319136,
-0.15531608,
-0.5801502,
0.079476714,
-0.10764631,
0.32370993,
-0.69890755,
-0.08747131,
-1.2192512,
0.5086028,
0.48228648,
-0.62713444,
0.41297927,
0.58092904,
0.22654802,
0.181567,
0.3993706,
0.36496478,
-0.060340732,
-1.0329437,
-0.5449445,
0.2843949,
-0.47897953,
0.28602663,
-0.31589666,
-0.060631894,
-0.033936843,
0.12745945,
0.19333495,
0.57654124,
-0.1127861,
-0.4140103,
0.723156,
-0.9767399,
0.2674492,
0.34962654,
0.15072632,
0.5177997,
0.4435211,
-0.9930532,
-0.9470993,
-0.10197777,
0.4445726,
0.37606505,
0.22184977,
-0.044573262,
0.16782117,
0.29764822,
-0.14325827,
-0.0537184,
0.18084195,
0.053943958,
-0.7217679,
-0.24980614,
-0.3996134,
-0.13794959,
0.48221013,
0.47944924,
-0.45858154,
0.22703816,
0.15782237,
0.021629285,
0.37158993,
-0.16326888,
0.10500439,
0.57895494,
0.22268926,
0.0070553506,
0.3209601,
0.513058,
-0.06931511,
-0.7465813,
0.10472764,
0.26024187,
0.16448845,
-0.020157132,
-1.0210097,
0.19091368,
0.51440054,
-0.52434915,
-0.020157132,
0.4387444,
0.56687355,
-0.40798104,
-1.1719084,
-1.1354688,
0.65502334,
0.09012072,
0.52533025,
0.5279839,
0.5421287,
-0.69890755,
-0.038133536,
0.2697309,
0.18548024,
-0.061269034,
0.049873844,
-1.0603224,
0.103126965,
0.18532534,
0.020087082,
-0.16118091,
-0.70697725,
0.39966622,
0.223678,
-0.44356835,
0.15848953,
0.05643419,
-0.76910305,
0.17628857,
-2.6070366,
0.56614316,
0.5498311,
0.87219244,
-0.37686995,
-0.8213108,
0.41394934,
0.058974296,
-0.73802894,
-0.41028482,
0.25803337,
-0.10193681,
0.509113,
0.49051788,
0.019795991,
0.079862654,
0.16667762,
0.2880324,
0.14710914,
0.38560838,
0.0914506,
0.1376328,
0.04592831,
0.08400203,
0.21196067,
-1.0424963,
0.2920626,
-0.31773874,
0.10384186,
0.057429314,
-0.08527109,
0.19802302,
-0.058091894,
0.03736637,
-0.30724487,
-0.49929076,
-0.23055282,
-0.011836331,
0.18105723,
0.1467552,
0.5070744,
0.07720603,
-0.73885816,
0.3154892,
-0.81540143,
0.17557359,
0.09024493,
0.23129861,
-0.2715332,
0.3337496,
0.22159113,
0.41951632,
0.14408956,
0.559103,
0.0021807996,
-0.16331162,
0.32655814,
-0.19789836,
0.6854427,
-0.82955545,
0.41719168,
-0.8317773,
-1.0093127,
-0.15812707,
0.97410244,
-0.17839871,
-0.15236908,
0.39377934,
-0.61573637,
0.060204376,
0.13392629,
0.2083608,
-0.14213854,
-0.0067375014,
0.24330416,
-0.8461224,
0.113073274,
-0.050407965,
0.11228742,
-0.1597321,
0.6287097,
-0.030501336,
0.11195037,
0.2528552,
0.46741378,
0.30857423,
-1.6433241,
0.67107666,
0.19153881,
0.26874003,
-0.2099393,
0.70919704,
0.25366026,
0.2700727,
0.16843565,
0.0116553875,
0.07426544,
-1.1651993,
-0.2742566,
0.37058443,
-1.1622248,
0.17806375,
0.20248443,
0.10413631,
-0.7175293,
0.42254937,
0.07587757,
0.5760949,
-0.09678771,
0.15977539,
-0.011165105,
0.1756306,
0.07587757,
0.28067255,
0.456309,
-0.53918576,
0.74285376,
0.13608493,
0.6546492,
0.07787083,
-0.45457777,
-0.24803656,
-0.35635617,
0.5439785,
-0.8714233,
-1.4020846,
0.61124843,
-0.13672961,
0.890232,
0.008235578,
-1.069736,
0.5788679,
0.7526933,
0.1467552,
0.41175127,
-0.401149,
0.47593597,
-0.7912104,
0.27551505,
0.7159254,
0.44507027,
-1.0685629,
0.17151469,
-0.08491898,
-0.2554098,
0.38863772,
-0.6171929,
0.6585161,
-0.16056277,
-0.36601552,
0.30546454,
0.3745486,
0.31525218,
-0.51219386,
-0.07507693,
0.7365866,
-0.016907696,
-1.2285892,
-0.00062260916,
0.08687258,
-0.0035724817,
0.43923596,
0.06160532,
0.17820694,
-0.8513428,
1.2210826,
0.24114472,
-0.8044807,
-0.09037625,
0.38169402,
-0.43463874,
-1.6552078,
-0.48659045,
0.0789155,
0.40510508,
0.39377934,
-0.6574033,
-0.37938136,
0.29094642,
-1.119327,
-0.049626663,
0.5734416,
0.16448069,
-0.10132596,
-0.179102,
-0.022056643,
0.74332106,
0.97410244,
0.2201726,
0.11513764,
0.3224172,
0.09640906,
0.40517843,
-0.20693898,
0.3337496,
-0.012078436,
0.41736042,
0.3146979,
0.19719997,
-0.072301716,
-0.22573307,
0.15558282,
0.59077775,
-1.0047007,
0.0056622727,
-0.75512815,
0.6195382,
0.46942797,
0.31408975,
0.2903148,
0.5796134,
-0.5322692,
0.046602767,
-0.040441096,
0.3150351,
0.10290468,
-0.32211256,
0.54841816,
0.6964203,
0.30126426,
-1.1324701,
0.4270623,
0.67799985,
0.23635353,
0.001016672,
0.5641288,
-0.075960234,
-0.010606798,
0.17030181,
0.13231684,
0.25817007,
-0.35615656,
-0.008206824,
0.25217897,
-1.1036779,
0.049873844,
0.035925195,
0.28938225,
-0.48478416,
0.33823797,
0.45908517,
-0.072747536,
-0.5293645,
-0.8057064,
0.31215462,
0.6212037,
-0.1847308,
0.51647514,
0.0028762524,
-1.1072001,
0.44897896,
-1.1354688,
0.059593007,
0.11849447,
0.20729925,
0.56614316,
0.46973917,
-0.67743003,
-0.40270808,
0.04436556,
-0.91068614,
-0.09678771,
0.05598189,
0.48329034,
-0.25190157,
-0.046341613,
-0.032518227,
-0.11968177,
0.74332106,
0.50717515,
-0.24668656,
-0.98318726,
0.24013722,
-0.07190342,
-0.054592103,
-0.6147063,
0.2130687,
0.18611103,
0.40448296,
-0.10764631,
0.5237047,
0.34769866,
0.79136074,
-0.21547171,
0.20180608,
0.034298416,
0.054461654,
-0.08288732,
-0.22733876,
0.025386183,
0.15135112,
0.5700165,
-0.00256102,
0.09697616,
0.32158867,
-0.19317634,
-0.1411226,
0.55317795,
0.18496606,
-0.9329812,
0.04328367,
0.601936,
0.4338047,
-0.12464031,
